[
  {
    "id": "7d3bce49-e8ed-441b-ade8-5fac3804be26",
    "timestamp": "2025-11-18T22:10:52.598386",
    "project": "PramaIAServer",
    "level": "lifecycle",
    "module": "system_events",
    "message": "LogService avviato",
    "details": {
      "event_type": "service_start",
      "version": "1.0.0",
      "log_type": "lifecycle",
      "event_time": "2025-11-18T22:10:52.598356"
    },
    "context": {
      "component": "logservice_main"
    }
  },
  {
    "id": "ae097268-755a-4dfa-83b2-c385887eca3d",
    "timestamp": "2025-11-18T22:11:19.257667",
    "project": "PramaIA-Agents",
    "level": "info",
    "module": "document-folder-monitor-agent",
    "message": "Document Monitor Agent avviato - LogService connesso",
    "details": {
      "timestamp": 1763500279.25763,
      "host": "http://localhost:8081",
      "initialization": "startup"
    },
    "context": null
  },
  {
    "id": "cff70195-f4d0-4e1a-a6f5-5ea9155c0113",
    "timestamp": "2025-11-18T22:11:19.258220",
    "project": "PramaIA-Agents",
    "level": "info",
    "module": "document-folder-monitor-agent",
    "message": "Document Monitor Agent logger inizializzato con integrazione LogService",
    "details": {
      "host": "http://localhost:8081"
    },
    "context": null
  },
  {
    "id": "d2e3d8c8-fccd-4fec-9cf8-a028b2d2d0f9",
    "timestamp": "2025-11-18T22:11:19.390890",
    "project": "PramaIA-Agents",
    "level": "debug",
    "module": "document-folder-monitor-agent",
    "message": "[EventBuffer] Inizializzazione con db_path=event_buffer.db",
    "details": null,
    "context": null
  },
  {
    "id": "cf2ea1a5-6f0b-4117-9fe7-7262ffbb285a",
    "timestamp": "2025-11-18T22:11:19.391041",
    "project": "PramaIA-Agents",
    "level": "debug",
    "module": "document-folder-monitor-agent",
    "message": "[EventBuffer] Tentativo acquisizione lock per _init_db",
    "details": null,
    "context": null
  },
  {
    "id": "d3fcc0f1-93fd-4d91-9a2f-ca77eca6b9af",
    "timestamp": "2025-11-18T22:11:19.391177",
    "project": "PramaIA-Agents",
    "level": "debug",
    "module": "document-folder-monitor-agent",
    "message": "[EventBuffer] Lock acquisito per _init_db, apertura connessione SQLite",
    "details": null,
    "context": null
  },
  {
    "id": "a52ec10b-9221-4e66-8478-6e47d046ed24",
    "timestamp": "2025-11-18T22:11:19.392396",
    "project": "PramaIA-Agents",
    "level": "debug",
    "module": "document-folder-monitor-agent",
    "message": "[EventBuffer] Connessione SQLite chiusa dopo _init_db",
    "details": null,
    "context": null
  },
  {
    "id": "84f41f94-3f7e-41d5-80fd-b4f9adfb7251",
    "timestamp": "2025-11-18T22:11:19.401520",
    "project": "PramaIA-Agents",
    "level": "debug",
    "module": "document-folder-monitor-agent",
    "message": "Percorso database hash convertito ad assoluto: C:\\PramaIA\\PramaIA-Agents\\document-folder-monitor-agent\\data/file_hashes.db",
    "details": null,
    "context": null
  },
  {
    "id": "e4c34139-bae9-4c18-9d87-bcb0dcff4f03",
    "timestamp": "2025-11-18T22:11:19.401698",
    "project": "PramaIA-Agents",
    "level": "debug",
    "module": "document-folder-monitor-agent",
    "message": "Inizializzazione FileHashTracker con database: C:\\PramaIA\\PramaIA-Agents\\document-folder-monitor-agent\\data/file_hashes.db",
    "details": null,
    "context": null
  },
  {
    "id": "3eb7a377-1123-4ad7-94e5-e4ea966f162d",
    "timestamp": "2025-11-18T22:11:19.888039",
    "project": "PramaIA-Agents",
    "level": "debug",
    "module": "document-folder-monitor-agent",
    "message": "[EventBuffer] Inizializzazione con db_path=event_buffer.db",
    "details": null,
    "context": null
  },
  {
    "id": "f9d39030-dcb5-46db-90c2-ba6464ce9c36",
    "timestamp": "2025-11-18T22:11:19.888233",
    "project": "PramaIA-Agents",
    "level": "debug",
    "module": "document-folder-monitor-agent",
    "message": "[EventBuffer] Tentativo acquisizione lock per _init_db",
    "details": null,
    "context": null
  },
  {
    "id": "cd3dceb5-5b73-4728-b1f2-7c5101972781",
    "timestamp": "2025-11-18T22:11:19.888769",
    "project": "PramaIA-Agents",
    "level": "debug",
    "module": "document-folder-monitor-agent",
    "message": "[EventBuffer] Lock acquisito per _init_db, apertura connessione SQLite",
    "details": null,
    "context": null
  },
  {
    "id": "ebc53848-0041-414f-962c-494af9b453f6",
    "timestamp": "2025-11-18T22:11:19.889557",
    "project": "PramaIA-Agents",
    "level": "debug",
    "module": "document-folder-monitor-agent",
    "message": "[EventBuffer] Connessione SQLite chiusa dopo _init_db",
    "details": null,
    "context": null
  },
  {
    "id": "f6464bed-3d05-4849-ad67-988e8b70d4b6",
    "timestamp": "2025-11-18T22:11:19.891102",
    "project": "PramaIA-Agents",
    "level": "info",
    "module": "document-folder-monitor-agent",
    "message": "Configurazione CORS con origins: http://localhost:3000,http://127.0.0.1:3000,http://localhost:5173,http://127.0.0.1:5173,http://localhost:8000,http://127.0.0.1:8000,https://localhost:3000,https://127.0.0.1:3000,https://localhost:5173,https://127.0.0.1:5173,https://localhost:8000,https://127.0.0.1:8000",
    "details": null,
    "context": null
  },
  {
    "id": "946dcba8-9fda-405a-850c-a4f00a6f1ba0",
    "timestamp": "2025-11-18T22:11:19.909638",
    "project": "PramaIA-Agents",
    "level": "info",
    "module": "document-folder-monitor-agent",
    "message": "Avvio thread di registrazione",
    "details": null,
    "context": null
  },
  {
    "id": "ad7973ac-d211-4b28-bc8c-d9fa15200da1",
    "timestamp": "2025-11-18T22:11:19.911587",
    "project": "PramaIA-Agents",
    "level": "info",
    "module": "document-folder-monitor-agent",
    "message": "Tentativo 1 di registrazione al server: http://localhost:8000/api/document-monitor/clients/register",
    "details": null,
    "context": null
  },
  {
    "id": "3c1916af-eddc-4d86-89a4-f7fee24d14cd",
    "timestamp": "2025-11-18T22:11:19.921465",
    "project": "PramaIA-Agents",
    "level": "info",
    "module": "document-folder-monitor-agent",
    "message": "[MANUTENZIONE] Avvio pulizia database file_hashes...",
    "details": null,
    "context": null
  },
  {
    "id": "9cd0a9b4-0cea-4376-8508-e8ab8dbf9caf",
    "timestamp": "2025-11-18T22:11:19.921624",
    "project": "PramaIA-Agents",
    "level": "info",
    "module": "document-folder-monitor-agent",
    "message": "\ud83e\uddf9 Cleaner del database hash avviato",
    "details": null,
    "context": null
  },
  {
    "id": "fb78ab58-8c9d-4b14-a5a2-e3d6267fd7a5",
    "timestamp": "2025-11-18T22:11:19.922374",
    "project": "PramaIA-Agents",
    "level": "debug",
    "module": "document-folder-monitor-agent",
    "message": "Percorso database hash convertito ad assoluto: C:\\PramaIA\\PramaIA-Agents\\document-folder-monitor-agent\\data/file_hashes.db",
    "details": null,
    "context": null
  },
  {
    "id": "03521d01-e364-435f-ba84-7bab849bcf63",
    "timestamp": "2025-11-18T22:11:19.922771",
    "project": "PramaIA-Agents",
    "level": "debug",
    "module": "document-folder-monitor-agent",
    "message": "Inizializzazione FileHashTracker con database: C:\\PramaIA\\PramaIA-Agents\\document-folder-monitor-agent\\data/file_hashes.db",
    "details": null,
    "context": null
  },
  {
    "id": "d7217ce0-7336-47df-83f2-bd9e51f66550",
    "timestamp": "2025-11-18T22:11:19.923047",
    "project": "PramaIA-Agents",
    "level": "info",
    "module": "document-folder-monitor-agent",
    "message": "Document Folder Monitor Plugin avviato. FastAPI in ascolto.",
    "details": null,
    "context": null
  },
  {
    "id": "97b37720-10d9-49ce-9beb-a9f461b5b2b3",
    "timestamp": "2025-11-18T22:11:19.923463",
    "project": "PramaIA-Agents",
    "level": "info",
    "module": "document-folder-monitor-agent",
    "message": "Avvio pulizia automatica degli eventi duplicati...",
    "details": null,
    "context": null
  },
  {
    "id": "6f5908d6-653b-4cb8-a8c0-becf05f07bd8",
    "timestamp": "2025-11-18T22:11:19.930104",
    "project": "PramaIA-Agents",
    "level": "info",
    "module": "document-folder-monitor-agent",
    "message": "[MANUTENZIONE] Pulizia database completata: rimossi 2 hash di file non pi\u00f9 esistenti",
    "details": null,
    "context": null
  },
  {
    "id": "edf98953-83bc-4ef1-9908-b9724c2e8d0b",
    "timestamp": "2025-11-18T22:11:19.932156",
    "project": "PramaIA-Agents",
    "level": "info",
    "module": "document-folder-monitor-agent",
    "message": "Pulizia avanzata degli eventi duplicati...",
    "details": null,
    "context": null
  },
  {
    "id": "1103be8e-0a65-4ee5-b4c6-8ec7b26dd566",
    "timestamp": "2025-11-18T22:11:19.932548",
    "project": "PramaIA-Agents",
    "level": "info",
    "module": "document-folder-monitor-agent",
    "message": "Usando il metodo legacy di pulizia degli eventi duplicati...",
    "details": null,
    "context": null
  },
  {
    "id": "31dc39f6-644e-496e-8dff-fa7ad00c6f41",
    "timestamp": "2025-11-18T22:11:19.932814",
    "project": "PramaIA-Agents",
    "level": "debug",
    "module": "document-folder-monitor-agent",
    "message": "[event_maintenance] Tentativo acquisizione lock per _legacy_clean_duplicate_events",
    "details": null,
    "context": null
  },
  {
    "id": "c577de9e-4f83-44ba-8235-6f75c8063cc5",
    "timestamp": "2025-11-18T22:11:19.932945",
    "project": "PramaIA-Agents",
    "level": "debug",
    "module": "document-folder-monitor-agent",
    "message": "[event_maintenance] Lock acquisito per _legacy_clean_duplicate_events, apertura connessione SQLite",
    "details": null,
    "context": null
  },
  {
    "id": "c5b9136c-76f1-41e2-ae0f-ccc69b115bb6",
    "timestamp": "2025-11-18T22:11:19.933565",
    "project": "PramaIA-Agents",
    "level": "debug",
    "module": "document-folder-monitor-agent",
    "message": "[event_maintenance] Connessione SQLite chiusa dopo _legacy_clean_duplicate_events",
    "details": null,
    "context": null
  },
  {
    "id": "eb4602f6-68ea-4870-a934-58fc862c4769",
    "timestamp": "2025-11-18T22:11:19.933840",
    "project": "PramaIA-Agents",
    "level": "info",
    "module": "document-folder-monitor-agent",
    "message": "Pulizia automatica completata: 0 eventi duplicati eliminati",
    "details": null,
    "context": null
  },
  {
    "id": "c7a109c5-d4ca-4dac-953a-e816071f56a3",
    "timestamp": "2025-11-18T22:11:19.934164",
    "project": "PramaIA-Agents",
    "level": "info",
    "module": "document-folder-monitor-agent",
    "message": "Avvio servizio di riconciliazione...",
    "details": null,
    "context": null
  },
  {
    "id": "ecb775ff-f856-4954-a239-58884c3000aa",
    "timestamp": "2025-11-18T22:11:19.934412",
    "project": "PramaIA-Agents",
    "level": "info",
    "module": "document-folder-monitor-agent",
    "message": "Starting reconciliation service with interval 3600s",
    "details": {
      "interval": 3600,
      "service": "reconciliation"
    },
    "context": null
  },
  {
    "id": "01aa7f54-05a9-48ba-81ca-30e0da4a0d79",
    "timestamp": "2025-11-18T22:11:19.934679",
    "project": "PramaIA-Agents",
    "level": "info",
    "module": "document-folder-monitor-agent",
    "message": "\u2705 Servizio di riconciliazione avviato con successo",
    "details": null,
    "context": null
  },
  {
    "id": "07d4d6bf-dfbf-44d2-8780-60a0780cdee8",
    "timestamp": "2025-11-18T22:11:19.935188",
    "project": "PramaIA-Agents",
    "level": "info",
    "module": "document-folder-monitor-agent",
    "message": "\u2705 Servizio recovery sync inizializzato",
    "details": null,
    "context": null
  },
  {
    "id": "b3007e7f-5ac3-404a-a5e8-4400df738c18",
    "timestamp": "2025-11-18T22:11:19.935602",
    "project": "PramaIA-Agents",
    "level": "info",
    "module": "document-folder-monitor-agent",
    "message": "No actively monitored folders found",
    "details": {
      "service": "reconciliation"
    },
    "context": null
  },
  {
    "id": "e5d10a23-defe-415e-b510-b6feaa8d19f5",
    "timestamp": "2025-11-18T22:11:19.936166",
    "project": "PramaIA-Agents",
    "level": "info",
    "module": "document-folder-monitor-agent",
    "message": "Sincronizzazione periodica per 1 cartelle attivamente monitorate",
    "details": {
      "folder_count": 1,
      "service": "reconciliation"
    },
    "context": null
  },
  {
    "id": "85449169-ed39-46b2-97f3-d5fd94e24cbc",
    "timestamp": "2025-11-18T22:11:19.936492",
    "project": "PramaIA-Agents",
    "level": "info",
    "module": "document-folder-monitor-agent",
    "message": "Avvio sincronizzazione periodica per cartella: D:\\TestPramaIA",
    "details": {
      "folder": "D:\\TestPramaIA",
      "service": "reconciliation"
    },
    "context": null
  },
  {
    "id": "88e508ef-b288-4eb8-b138-a40a966ba0a9",
    "timestamp": "2025-11-18T22:11:19.936809",
    "project": "PramaIA-Agents",
    "level": "info",
    "module": "document-folder-monitor-agent",
    "message": "Starting reconciliation for folder: D:\\TestPramaIA",
    "details": {
      "folder": "D:\\TestPramaIA",
      "service": "reconciliation"
    },
    "context": null
  },
  {
    "id": "240b98ba-6068-4c25-9168-14b763a37c20",
    "timestamp": "2025-11-18T22:11:19.937178",
    "project": "PramaIA-Agents",
    "level": "info",
    "module": "document-folder-monitor-agent",
    "message": "Scanning filesystem for folder: D:\\TestPramaIA",
    "details": {
      "folder": "D:\\TestPramaIA",
      "service": "reconciliation"
    },
    "context": null
  },
  {
    "id": "c71998af-afc1-4a1a-9f9a-a6f67599baca",
    "timestamp": "2025-11-18T22:11:19.937630",
    "project": "PramaIA-Agents",
    "level": "info",
    "module": "document-folder-monitor-agent",
    "message": "Filesystem scan completed. Found 0 files",
    "details": {
      "folder": "D:\\TestPramaIA",
      "file_count": 0,
      "service": "reconciliation"
    },
    "context": null
  },
  {
    "id": "db9574fc-c23c-42b9-97d0-a89536446d4b",
    "timestamp": "2025-11-18T22:11:19.937951",
    "project": "PramaIA-Agents",
    "level": "info",
    "module": "document-folder-monitor-agent",
    "message": "Getting vectorstore state for folder: D:\\TestPramaIA",
    "details": {
      "folder": "D:\\TestPramaIA",
      "service": "reconciliation"
    },
    "context": null
  },
  {
    "id": "7703df7c-51f3-4b0b-8691-454be13c8bc3",
    "timestamp": "2025-11-18T22:11:22.675671",
    "project": "PramaIAServer",
    "level": "info",
    "module": "pramaiaserver",
    "message": "\ud83d\udcdd Registrato processore per tipo 'input_user': UserInputProcessor",
    "details": null,
    "context": {
      "module": "backend.engine.node_registry",
      "file": "C:\\PramaIA\\PramaIAServer\\backend\\engine\\node_registry.py",
      "line": 179,
      "function": "register_processor"
    }
  },
  {
    "id": "a4121218-8d0b-4ace-ba48-ef72809a2f85",
    "timestamp": "2025-11-18T22:11:22.675896",
    "project": "PramaIAServer",
    "level": "info",
    "module": "pramaiaserver",
    "message": "\ud83d\udcdd Registrato processore per tipo 'input_file': FileInputProcessor",
    "details": null,
    "context": {
      "module": "backend.engine.node_registry",
      "file": "C:\\PramaIA\\PramaIAServer\\backend\\engine\\node_registry.py",
      "line": 179,
      "function": "register_processor"
    }
  },
  {
    "id": "8678d4df-e7a1-45dd-8040-4e3ae21f752b",
    "timestamp": "2025-11-18T22:11:23.023306",
    "project": "PramaIAServer",
    "level": "info",
    "module": "pramaiaserver",
    "message": "\ud83d\udcdd Registrato processore per tipo 'llm_openai': OpenAIProcessor",
    "details": null,
    "context": {
      "module": "backend.engine.node_registry",
      "file": "C:\\PramaIA\\PramaIAServer\\backend\\engine\\node_registry.py",
      "line": 179,
      "function": "register_processor"
    }
  },
  {
    "id": "4a5c634f-3a35-4764-b2bc-af569d3e44e9",
    "timestamp": "2025-11-18T22:11:23.023454",
    "project": "PramaIAServer",
    "level": "info",
    "module": "pramaiaserver",
    "message": "\ud83d\udcdd Registrato processore per tipo 'llm_anthropic': AnthropicProcessor",
    "details": null,
    "context": {
      "module": "backend.engine.node_registry",
      "file": "C:\\PramaIA\\PramaIAServer\\backend\\engine\\node_registry.py",
      "line": 179,
      "function": "register_processor"
    }
  },
  {
    "id": "c1e53804-bbc1-42b5-965b-4b005cac74bb",
    "timestamp": "2025-11-18T22:11:23.328665",
    "project": "PramaIAServer",
    "level": "info",
    "module": "pramaiaserver",
    "message": "\ud83d\udcdd Registrato processore per tipo 'llm_gemini': OpenAIProcessor",
    "details": null,
    "context": {
      "module": "backend.engine.node_registry",
      "file": "C:\\PramaIA\\PramaIAServer\\backend\\engine\\node_registry.py",
      "line": 179,
      "function": "register_processor"
    }
  },
  {
    "id": "07ef39c0-1116-4f46-9961-b1ca356fdaa1",
    "timestamp": "2025-11-18T22:11:23.329111",
    "project": "PramaIAServer",
    "level": "info",
    "module": "pramaiaserver",
    "message": "\ud83d\udcdd Registrato processore per tipo 'llm_ollama': OllamaProcessor",
    "details": null,
    "context": {
      "module": "backend.engine.node_registry",
      "file": "C:\\PramaIA\\PramaIAServer\\backend\\engine\\node_registry.py",
      "line": 179,
      "function": "register_processor"
    }
  },
  {
    "id": "123903cc-b28a-448d-ad85-c3cc98b93d88",
    "timestamp": "2025-11-18T22:11:23.329232",
    "project": "PramaIAServer",
    "level": "info",
    "module": "pramaiaserver",
    "message": "\ud83d\udcdd Registrato processore per tipo 'output_text': TextOutputProcessor",
    "details": null,
    "context": {
      "module": "backend.engine.node_registry",
      "file": "C:\\PramaIA\\PramaIAServer\\backend\\engine\\node_registry.py",
      "line": 179,
      "function": "register_processor"
    }
  },
  {
    "id": "a9304505-752c-4577-b230-9396cb65de14",
    "timestamp": "2025-11-18T22:11:23.329336",
    "project": "PramaIAServer",
    "level": "info",
    "module": "pramaiaserver",
    "message": "\ud83d\udcdd Registrato processore per tipo 'output_file': FileOutputProcessor",
    "details": null,
    "context": {
      "module": "backend.engine.node_registry",
      "file": "C:\\PramaIA\\PramaIAServer\\backend\\engine\\node_registry.py",
      "line": 179,
      "function": "register_processor"
    }
  },
  {
    "id": "9651593b-13a6-4947-950f-6f508bfa59cc",
    "timestamp": "2025-11-18T22:11:23.329434",
    "project": "PramaIAServer",
    "level": "info",
    "module": "pramaiaserver",
    "message": "\ud83d\udcdd Registrato processore per tipo 'output_email': EmailOutputProcessor",
    "details": null,
    "context": {
      "module": "backend.engine.node_registry",
      "file": "C:\\PramaIA\\PramaIAServer\\backend\\engine\\node_registry.py",
      "line": 179,
      "function": "register_processor"
    }
  },
  {
    "id": "ff8437dc-8aa2-4862-9de3-e209ddf20a6e",
    "timestamp": "2025-11-18T22:11:23.329530",
    "project": "PramaIAServer",
    "level": "info",
    "module": "pramaiaserver",
    "message": "\ud83d\udcdd Registrato processore per tipo 'data_transform': DataTransformProcessor",
    "details": null,
    "context": {
      "module": "backend.engine.node_registry",
      "file": "C:\\PramaIA\\PramaIAServer\\backend\\engine\\node_registry.py",
      "line": 179,
      "function": "register_processor"
    }
  },
  {
    "id": "b6b2f0de-2d49-4e77-a86a-e6d994cd3ed1",
    "timestamp": "2025-11-18T22:11:23.329624",
    "project": "PramaIAServer",
    "level": "info",
    "module": "pramaiaserver",
    "message": "\ud83d\udcdd Registrato processore per tipo 'text_processor': TextProcessor",
    "details": null,
    "context": {
      "module": "backend.engine.node_registry",
      "file": "C:\\PramaIA\\PramaIAServer\\backend\\engine\\node_registry.py",
      "line": 179,
      "function": "register_processor"
    }
  },
  {
    "id": "2aea8f69-05db-435d-ab02-6be8d2253d7d",
    "timestamp": "2025-11-18T22:11:23.329724",
    "project": "PramaIAServer",
    "level": "info",
    "module": "pramaiaserver",
    "message": "\ud83d\udcdd Registrato processore per tipo 'json_processor': JSONProcessor",
    "details": null,
    "context": {
      "module": "backend.engine.node_registry",
      "file": "C:\\PramaIA\\PramaIAServer\\backend\\engine\\node_registry.py",
      "line": 179,
      "function": "register_processor"
    }
  },
  {
    "id": "3aaab980-5ed0-4545-9ade-9c6796b30a51",
    "timestamp": "2025-11-18T22:11:23.329820",
    "project": "PramaIAServer",
    "level": "info",
    "module": "pramaiaserver",
    "message": "\ud83d\udcdd Registrato processore per tipo 'http_request': HTTPRequestProcessor",
    "details": null,
    "context": {
      "module": "backend.engine.node_registry",
      "file": "C:\\PramaIA\\PramaIAServer\\backend\\engine\\node_registry.py",
      "line": 179,
      "function": "register_processor"
    }
  },
  {
    "id": "8b53633d-1c66-46f0-b43b-1854a52a49ab",
    "timestamp": "2025-11-18T22:11:23.329911",
    "project": "PramaIAServer",
    "level": "info",
    "module": "pramaiaserver",
    "message": "\ud83d\udcdd Registrato processore per tipo 'webhook': WebhookProcessor",
    "details": null,
    "context": {
      "module": "backend.engine.node_registry",
      "file": "C:\\PramaIA\\PramaIAServer\\backend\\engine\\node_registry.py",
      "line": 179,
      "function": "register_processor"
    }
  },
  {
    "id": "7045e03a-5c0c-4a73-bb54-25ca05080d3f",
    "timestamp": "2025-11-18T22:11:23.330007",
    "project": "PramaIAServer",
    "level": "info",
    "module": "pramaiaserver",
    "message": "\ud83d\udcdd Registrato processore per tipo 'api_call': APICallProcessor",
    "details": null,
    "context": {
      "module": "backend.engine.node_registry",
      "file": "C:\\PramaIA\\PramaIAServer\\backend\\engine\\node_registry.py",
      "line": 179,
      "function": "register_processor"
    }
  },
  {
    "id": "51120696-dea0-4343-8f8d-8331f372f906",
    "timestamp": "2025-11-18T22:11:23.330138",
    "project": "PramaIAServer",
    "level": "info",
    "module": "pramaiaserver",
    "message": "\ud83d\udcdd Registrato processore per tipo 'rag_query': RAGQueryProcessor",
    "details": null,
    "context": {
      "module": "backend.engine.node_registry",
      "file": "C:\\PramaIA\\PramaIAServer\\backend\\engine\\node_registry.py",
      "line": 179,
      "function": "register_processor"
    }
  },
  {
    "id": "c3298896-b338-45cf-9c1c-6fb181c5934a",
    "timestamp": "2025-11-18T22:11:23.330236",
    "project": "PramaIAServer",
    "level": "info",
    "module": "pramaiaserver",
    "message": "\ud83d\udcdd Registrato processore per tipo 'document_index': DocumentIndexProcessor",
    "details": null,
    "context": {
      "module": "backend.engine.node_registry",
      "file": "C:\\PramaIA\\PramaIAServer\\backend\\engine\\node_registry.py",
      "line": 179,
      "function": "register_processor"
    }
  },
  {
    "id": "1a62a18e-ffec-48f3-93b9-516149773b2b",
    "timestamp": "2025-11-18T22:11:23.330338",
    "project": "PramaIAServer",
    "level": "info",
    "module": "pramaiaserver",
    "message": "\ud83d\udcdd Registrato processore per tipo 'rag_generation': RAGGenerationProcessor",
    "details": null,
    "context": {
      "module": "backend.engine.node_registry",
      "file": "C:\\PramaIA\\PramaIAServer\\backend\\engine\\node_registry.py",
      "line": 179,
      "function": "register_processor"
    }
  },
  {
    "id": "9afabfee-663e-4cec-a829-b2188b79827c",
    "timestamp": "2025-11-18T22:11:23.330433",
    "project": "PramaIAServer",
    "level": "info",
    "module": "pramaiaserver",
    "message": "\ud83d\udcdd Registrato processore per tipo 'event_input_node': EventInputProcessor",
    "details": null,
    "context": {
      "module": "backend.engine.node_registry",
      "file": "C:\\PramaIA\\PramaIAServer\\backend\\engine\\node_registry.py",
      "line": 179,
      "function": "register_processor"
    }
  },
  {
    "id": "ca65c50d-cca4-424c-8156-42133a155315",
    "timestamp": "2025-11-18T22:11:23.330537",
    "project": "PramaIAServer",
    "level": "info",
    "module": "pramaiaserver",
    "message": "\ud83d\udcdd Registrato processore per tipo 'file_parsing': FileParsingProcessor",
    "details": null,
    "context": {
      "module": "backend.engine.node_registry",
      "file": "C:\\PramaIA\\PramaIAServer\\backend\\engine\\node_registry.py",
      "line": 179,
      "function": "register_processor"
    }
  },
  {
    "id": "84bc27f7-f7e6-446f-9839-5a896f2ac62b",
    "timestamp": "2025-11-18T22:11:23.330629",
    "project": "PramaIAServer",
    "level": "info",
    "module": "pramaiaserver",
    "message": "\ud83d\udcdd Registrato processore per tipo 'metadata_manager': MetadataManagerProcessor",
    "details": null,
    "context": {
      "module": "backend.engine.node_registry",
      "file": "C:\\PramaIA\\PramaIAServer\\backend\\engine\\node_registry.py",
      "line": 179,
      "function": "register_processor"
    }
  },
  {
    "id": "8d38986b-de86-4116-8d33-3640ab423c2b",
    "timestamp": "2025-11-18T22:11:23.330725",
    "project": "PramaIAServer",
    "level": "info",
    "module": "pramaiaserver",
    "message": "\ud83d\udcdd Registrato processore per tipo 'document_processor': DocumentProcessorProcessor",
    "details": null,
    "context": {
      "module": "backend.engine.node_registry",
      "file": "C:\\PramaIA\\PramaIAServer\\backend\\engine\\node_registry.py",
      "line": 179,
      "function": "register_processor"
    }
  },
  {
    "id": "4293f551-fb52-4fd7-bc8b-90db1f0217ce",
    "timestamp": "2025-11-18T22:11:23.330826",
    "project": "PramaIAServer",
    "level": "info",
    "module": "pramaiaserver",
    "message": "\ud83d\udcdd Registrato processore per tipo 'vector_store_operations': VectorStoreOperationsProcessor",
    "details": null,
    "context": {
      "module": "backend.engine.node_registry",
      "file": "C:\\PramaIA\\PramaIAServer\\backend\\engine\\node_registry.py",
      "line": 179,
      "function": "register_processor"
    }
  },
  {
    "id": "e867cc09-e23b-401e-8f7a-7fd7f2f714ef",
    "timestamp": "2025-11-18T22:11:23.330920",
    "project": "PramaIAServer",
    "level": "info",
    "module": "pramaiaserver",
    "message": "\ud83d\udcdd Registrato processore per tipo 'event_logger': EventLoggerProcessor",
    "details": null,
    "context": {
      "module": "backend.engine.node_registry",
      "file": "C:\\PramaIA\\PramaIAServer\\backend\\engine\\node_registry.py",
      "line": 179,
      "function": "register_processor"
    }
  },
  {
    "id": "b84dfca1-78be-4031-96ae-1a0a34396f7a",
    "timestamp": "2025-11-18T22:11:23.331014",
    "project": "PramaIAServer",
    "level": "info",
    "module": "pramaiaserver",
    "message": "\ud83d\udcdd Registrato processore per tipo 'processing_text': TextProcessor",
    "details": null,
    "context": {
      "module": "backend.engine.node_registry",
      "file": "C:\\PramaIA\\PramaIAServer\\backend\\engine\\node_registry.py",
      "line": 179,
      "function": "register_processor"
    }
  },
  {
    "id": "06ab4d85-3936-41fa-8995-f56c66494393",
    "timestamp": "2025-11-18T22:11:23.331108",
    "project": "PramaIAServer",
    "level": "info",
    "module": "pramaiaserver",
    "message": "\ud83d\udd27 NodeRegistry inizializzato con 25 processori",
    "details": null,
    "context": {
      "module": "backend.engine.node_registry",
      "file": "C:\\PramaIA\\PramaIAServer\\backend\\engine\\node_registry.py",
      "line": 100,
      "function": "__init__"
    }
  },
  {
    "id": "fb37815e-82a9-4112-a8a2-883c3b5a6236",
    "timestamp": "2025-11-18T22:11:23.995860",
    "project": "PramaIA-Agents",
    "level": "error",
    "module": "document-folder-monitor-agent",
    "message": "\u274c Connessione al server fallita: HTTPConnectionPool(host='localhost', port=8000): Max retries exceeded with url: /api/document-monitor/clients/register (Caused by NewConnectionError('<urllib3.connection.HTTPConnection object at 0x00000275969334D0>: Failed to establish a new connection: [WinError 10061] Impossibile stabilire la connessione. Rifiuto persistente del computer di destinazione'))",
    "details": null,
    "context": null
  },
  {
    "id": "ed0070da-08c8-4850-8dab-11fa55e877cd",
    "timestamp": "2025-11-18T22:11:23.996158",
    "project": "PramaIA-Agents",
    "level": "info",
    "module": "document-folder-monitor-agent",
    "message": "Riprovo tra 4.2 secondi... (tentativo 1/10)",
    "details": null,
    "context": null
  },
  {
    "id": "db297c9c-f45d-457c-90f0-4ccf16b5c289",
    "timestamp": "2025-11-18T22:11:24.011846",
    "project": "PramaIA-Agents",
    "level": "error",
    "module": "document-folder-monitor-agent",
    "message": "Error getting vectorstore state for D:\\TestPramaIA: HTTPConnectionPool(host='localhost', port=8000): Max retries exceeded with url: /api/folders/state?path=D%3A/TestPramaIA (Caused by NewConnectionError('<urllib3.connection.HTTPConnection object at 0x0000027596A27610>: Failed to establish a new connection: [WinError 10061] Impossibile stabilire la connessione. Rifiuto persistente del computer di destinazione'))",
    "details": {
      "folder": "D:\\TestPramaIA",
      "error": "HTTPConnectionPool(host='localhost', port=8000): Max retries exceeded with url: /api/folders/state?path=D%3A/TestPramaIA (Caused by NewConnectionError('<urllib3.connection.HTTPConnection object at 0x0000027596A27610>: Failed to establish a new connection: [WinError 10061] Impossibile stabilire la connessione. Rifiuto persistente del computer di destinazione'))",
      "service": "reconciliation"
    },
    "context": null
  },
  {
    "id": "da755187-477b-43d0-afb2-0a4f684b20ac",
    "timestamp": "2025-11-18T22:11:24.012158",
    "project": "PramaIA-Agents",
    "level": "info",
    "module": "document-folder-monitor-agent",
    "message": "Calculating differences between filesystem and vectorstore",
    "details": {
      "folder": "D:\\TestPramaIA",
      "service": "reconciliation"
    },
    "context": null
  },
  {
    "id": "68c19553-52c7-42dd-a33a-88959f1a207b",
    "timestamp": "2025-11-18T22:11:24.012517",
    "project": "PramaIA-Agents",
    "level": "info",
    "module": "document-folder-monitor-agent",
    "message": "Diff summary: 0 new files, 0 deleted files, 0 modified files, 0 metadata changes",
    "details": {
      "folder": "D:\\TestPramaIA",
      "new_files": 0,
      "deleted_files": 0,
      "modified_files": 0,
      "metadata_changes": 0,
      "service": "reconciliation"
    },
    "context": null
  },
  {
    "id": "0a666bfb-0bd8-4f18-a2e3-9c8892d0d0aa",
    "timestamp": "2025-11-18T22:11:24.012880",
    "project": "PramaIA-Agents",
    "level": "info",
    "module": "document-folder-monitor-agent",
    "message": "Reconciliation completed successfully for D:\\TestPramaIA. Duration: 4.08s. Changes: 0",
    "details": {
      "folder": "D:\\TestPramaIA",
      "duration": 4.08,
      "changes": 0,
      "service": "reconciliation"
    },
    "context": null
  },
  {
    "id": "dafa21db-ed33-4cf5-abc5-6616e2635d26",
    "timestamp": "2025-11-18T22:11:28.203999",
    "project": "PramaIA-Agents",
    "level": "info",
    "module": "document-folder-monitor-agent",
    "message": "Tentativo 2 di registrazione al server: http://localhost:8000/api/document-monitor/clients/register",
    "details": null,
    "context": null
  },
  {
    "id": "0b99818f-48c8-4d01-b1e3-812da956d0f5",
    "timestamp": "2025-11-18T22:11:29.916252",
    "project": "PramaIA-Agents",
    "level": "info",
    "module": "document-folder-monitor-agent",
    "message": "Avvio monitoraggio cartelle autostart...",
    "details": null,
    "context": null
  },
  {
    "id": "d7aec4f9-e31e-4a50-bb2c-8cb61585fedc",
    "timestamp": "2025-11-18T22:11:29.916723",
    "project": "PramaIA-Agents",
    "level": "info",
    "module": "document-folder-monitor-agent",
    "message": "Avvio monitoraggio cartelle autostart: ['D:\\\\TestPramaIA']",
    "details": {
      "folders": [
        "D:\\TestPramaIA"
      ],
      "action": "start_autostart"
    },
    "context": null
  },
  {
    "id": "d5337863-392c-41e3-82ee-9bcca0a972a5",
    "timestamp": "2025-11-18T22:11:29.917080",
    "project": "PramaIA-Agents",
    "level": "warning",
    "module": "document-folder-monitor-agent",
    "message": "Cartella autostart non trovata: D:\\TestPramaIA",
    "details": {
      "folder": "D:\\TestPramaIA",
      "action": "missing_folder"
    },
    "context": null
  },
  {
    "id": "037da68c-11d3-4788-b124-ae2b4a7ecbbe",
    "timestamp": "2025-11-18T22:11:29.917380",
    "project": "PramaIA-Agents",
    "level": "info",
    "module": "document-folder-monitor-agent",
    "message": "\u2139\ufe0f Nessuna cartella autostart configurata",
    "details": null,
    "context": null
  },
  {
    "id": "2bad3ab2-be00-45f0-8f03-ed534a6ddb69",
    "timestamp": "2025-11-18T22:11:30.249044",
    "project": "PramaIA-Agents",
    "level": "info",
    "module": "document-folder-monitor-agent",
    "message": "\u2705 Stato client inviato: online=True",
    "details": null,
    "context": null
  },
  {
    "id": "ee2a6adf-836a-4d05-97d8-cfb9bc8d52e5",
    "timestamp": "2025-11-18T22:11:30.249635",
    "project": "PramaIA-Agents",
    "level": "info",
    "module": "document-folder-monitor-agent",
    "message": "\u2705 Registrazione riuscita al tentativo 2",
    "details": null,
    "context": null
  },
  {
    "id": "90b5fa04-0572-4d5a-9b63-6254fc94dccc",
    "timestamp": "2025-11-18T22:11:30.249981",
    "project": "PramaIA-Agents",
    "level": "info",
    "module": "document-folder-monitor-agent",
    "message": "Avvio heartbeat periodico ogni 60 secondi",
    "details": null,
    "context": null
  },
  {
    "id": "6f2afb22-1fab-402f-806d-76a95b351120",
    "timestamp": "2025-11-18T22:26:19.913130",
    "project": "PramaIA-Agents",
    "level": "info",
    "module": "document-folder-monitor-agent",
    "message": "[MANUTENZIONE] Avvio pulizia eventi duplicati...",
    "details": null,
    "context": null
  },
  {
    "id": "ea0bdd39-9bf2-4958-97d2-bc761841f8ad",
    "timestamp": "2025-11-18T22:26:19.913515",
    "project": "PramaIA-Agents",
    "level": "info",
    "module": "document-folder-monitor-agent",
    "message": "Pulizia avanzata degli eventi duplicati...",
    "details": null,
    "context": null
  },
  {
    "id": "df19bb63-ef68-4a07-a83a-03be6d9c4147",
    "timestamp": "2025-11-18T22:26:19.913965",
    "project": "PramaIA-Agents",
    "level": "info",
    "module": "document-folder-monitor-agent",
    "message": "Usando il metodo legacy di pulizia degli eventi duplicati...",
    "details": null,
    "context": null
  },
  {
    "id": "cc3db5c9-5319-4144-8983-552174c038ca",
    "timestamp": "2025-11-18T22:26:19.914176",
    "project": "PramaIA-Agents",
    "level": "debug",
    "module": "document-folder-monitor-agent",
    "message": "[event_maintenance] Tentativo acquisizione lock per _legacy_clean_duplicate_events",
    "details": null,
    "context": null
  },
  {
    "id": "3f6ea6d6-4679-4a11-b5c9-b2d443f0c6c0",
    "timestamp": "2025-11-18T22:26:19.914292",
    "project": "PramaIA-Agents",
    "level": "debug",
    "module": "document-folder-monitor-agent",
    "message": "[event_maintenance] Lock acquisito per _legacy_clean_duplicate_events, apertura connessione SQLite",
    "details": null,
    "context": null
  },
  {
    "id": "09f63eef-13dd-4574-a182-29f7dfe43fed",
    "timestamp": "2025-11-18T22:26:19.915302",
    "project": "PramaIA-Agents",
    "level": "debug",
    "module": "document-folder-monitor-agent",
    "message": "[event_maintenance] Connessione SQLite chiusa dopo _legacy_clean_duplicate_events",
    "details": null,
    "context": null
  },
  {
    "id": "8461c9cd-07ca-48c6-bb9e-e8e8a5a2404a",
    "timestamp": "2025-11-18T22:26:19.915546",
    "project": "PramaIA-Agents",
    "level": "info",
    "module": "document-folder-monitor-agent",
    "message": "[MANUTENZIONE] Pulizia completata: rimossi 0 eventi duplicati",
    "details": null,
    "context": null
  },
  {
    "id": "658b21af-fc67-401c-84c4-e6dc5d336b6e",
    "timestamp": "2025-11-18T22:26:19.915976",
    "project": "PramaIA-Agents",
    "level": "info",
    "module": "document-folder-monitor-agent",
    "message": "[MANUTENZIONE] Verifica eventi bloccati...",
    "details": null,
    "context": null
  },
  {
    "id": "1d5598bf-e008-4eef-a197-94d51af2a4d3",
    "timestamp": "2025-11-18T22:26:19.916334",
    "project": "PramaIA-Agents",
    "level": "info",
    "module": "document-folder-monitor-agent",
    "message": "Verifica eventi bloccati (pi\u00f9 vecchi di 2 ore)...",
    "details": null,
    "context": null
  },
  {
    "id": "e5c47645-d2d5-48eb-bb43-3aaeb0cd855a",
    "timestamp": "2025-11-18T22:26:19.916596",
    "project": "PramaIA-Agents",
    "level": "debug",
    "module": "document-folder-monitor-agent",
    "message": "[event_maintenance] Tentativo acquisizione lock per auto_update_stalled_events",
    "details": null,
    "context": null
  },
  {
    "id": "82f20a8d-4506-46a9-abdd-7ffe5fc26d4a",
    "timestamp": "2025-11-18T22:26:19.916748",
    "project": "PramaIA-Agents",
    "level": "debug",
    "module": "document-folder-monitor-agent",
    "message": "[event_maintenance] Lock acquisito per auto_update_stalled_events, apertura connessione SQLite",
    "details": null,
    "context": null
  },
  {
    "id": "6abe5bc2-cbf9-45d8-8b2f-86c7a4197779",
    "timestamp": "2025-11-18T22:26:19.919517",
    "project": "PramaIA-Agents",
    "level": "debug",
    "module": "document-folder-monitor-agent",
    "message": "[event_maintenance] Connessione SQLite chiusa dopo auto_update_stalled_events",
    "details": null,
    "context": null
  },
  {
    "id": "d2fcae70-04c5-40b0-a29a-ba71cc3fa3c9",
    "timestamp": "2025-11-18T22:26:19.919745",
    "project": "PramaIA-Agents",
    "level": "info",
    "module": "document-folder-monitor-agent",
    "message": "0 eventi bloccati sono stati aggiornati a 'failed'",
    "details": null,
    "context": null
  },
  {
    "id": "f5215cd4-d55e-4b04-b755-7860c417b5ae",
    "timestamp": "2025-11-18T22:26:19.920071",
    "project": "PramaIA-Agents",
    "level": "info",
    "module": "document-folder-monitor-agent",
    "message": "[MANUTENZIONE] Aggiornati 0 eventi bloccati",
    "details": null,
    "context": null
  }
]