[
  {
    "id": "90c06b8b-3dd8-4236-8147-66049ca12d0b",
    "timestamp": "2025-11-18T22:41:19.920744",
    "project": "PramaIA-Agents",
    "level": "info",
    "module": "document-folder-monitor-agent",
    "message": "[MANUTENZIONE] Avvio pulizia eventi duplicati...",
    "details": null,
    "context": null
  },
  {
    "id": "0588187f-83b2-4099-b0dc-b1f14f5ecc91",
    "timestamp": "2025-11-18T22:41:19.921186",
    "project": "PramaIA-Agents",
    "level": "info",
    "module": "document-folder-monitor-agent",
    "message": "Pulizia avanzata degli eventi duplicati...",
    "details": null,
    "context": null
  },
  {
    "id": "4941371c-be05-4372-82be-e8a1dd66b580",
    "timestamp": "2025-11-18T22:41:19.921604",
    "project": "PramaIA-Agents",
    "level": "info",
    "module": "document-folder-monitor-agent",
    "message": "Usando il metodo legacy di pulizia degli eventi duplicati...",
    "details": null,
    "context": null
  },
  {
    "id": "4784eeca-5937-4f8e-973a-c45727b02479",
    "timestamp": "2025-11-18T22:41:19.921840",
    "project": "PramaIA-Agents",
    "level": "debug",
    "module": "document-folder-monitor-agent",
    "message": "[event_maintenance] Tentativo acquisizione lock per _legacy_clean_duplicate_events",
    "details": null,
    "context": null
  },
  {
    "id": "76e76f8c-8276-4b43-a8b4-e49bc8ce6581",
    "timestamp": "2025-11-18T22:41:19.921948",
    "project": "PramaIA-Agents",
    "level": "debug",
    "module": "document-folder-monitor-agent",
    "message": "[event_maintenance] Lock acquisito per _legacy_clean_duplicate_events, apertura connessione SQLite",
    "details": null,
    "context": null
  },
  {
    "id": "f28c2c20-70f1-42de-9143-6221ae2d6865",
    "timestamp": "2025-11-18T22:41:19.922699",
    "project": "PramaIA-Agents",
    "level": "debug",
    "module": "document-folder-monitor-agent",
    "message": "[event_maintenance] Connessione SQLite chiusa dopo _legacy_clean_duplicate_events",
    "details": null,
    "context": null
  },
  {
    "id": "5a44df02-e4f8-4f6c-8392-af8f5d3f7e02",
    "timestamp": "2025-11-18T22:41:19.922929",
    "project": "PramaIA-Agents",
    "level": "info",
    "module": "document-folder-monitor-agent",
    "message": "[MANUTENZIONE] Pulizia completata: rimossi 0 eventi duplicati",
    "details": null,
    "context": null
  },
  {
    "id": "b66379e6-9681-468b-aa01-6573a0d07eed",
    "timestamp": "2025-11-18T22:41:19.923229",
    "project": "PramaIA-Agents",
    "level": "info",
    "module": "document-folder-monitor-agent",
    "message": "[MANUTENZIONE] Verifica eventi bloccati...",
    "details": null,
    "context": null
  },
  {
    "id": "dc0287e1-c1ff-498d-a6df-cd88515d64f3",
    "timestamp": "2025-11-18T22:41:19.923549",
    "project": "PramaIA-Agents",
    "level": "info",
    "module": "document-folder-monitor-agent",
    "message": "Verifica eventi bloccati (pi\u00f9 vecchi di 2 ore)...",
    "details": null,
    "context": null
  },
  {
    "id": "09443ed2-f79c-4b24-be90-41a7a953f178",
    "timestamp": "2025-11-18T22:41:19.923819",
    "project": "PramaIA-Agents",
    "level": "debug",
    "module": "document-folder-monitor-agent",
    "message": "[event_maintenance] Tentativo acquisizione lock per auto_update_stalled_events",
    "details": null,
    "context": null
  },
  {
    "id": "5b3c900b-b6cf-425e-bc64-355a17a712ba",
    "timestamp": "2025-11-18T22:41:19.923960",
    "project": "PramaIA-Agents",
    "level": "debug",
    "module": "document-folder-monitor-agent",
    "message": "[event_maintenance] Lock acquisito per auto_update_stalled_events, apertura connessione SQLite",
    "details": null,
    "context": null
  },
  {
    "id": "674e9e1b-aa57-4fac-9502-3ba4b9a27178",
    "timestamp": "2025-11-18T22:41:19.924732",
    "project": "PramaIA-Agents",
    "level": "debug",
    "module": "document-folder-monitor-agent",
    "message": "[event_maintenance] Connessione SQLite chiusa dopo auto_update_stalled_events",
    "details": null,
    "context": null
  },
  {
    "id": "afb0736a-3eca-40b0-9a31-2a601e8d9adb",
    "timestamp": "2025-11-18T22:41:19.925050",
    "project": "PramaIA-Agents",
    "level": "info",
    "module": "document-folder-monitor-agent",
    "message": "0 eventi bloccati sono stati aggiornati a 'failed'",
    "details": null,
    "context": null
  },
  {
    "id": "e45159da-709e-4492-b46f-277b27151c25",
    "timestamp": "2025-11-18T22:41:19.925376",
    "project": "PramaIA-Agents",
    "level": "info",
    "module": "document-folder-monitor-agent",
    "message": "[MANUTENZIONE] Aggiornati 0 eventi bloccati",
    "details": null,
    "context": null
  },
  {
    "id": "2786d040-42c3-48d2-bdb0-e1967b2ccd5c",
    "timestamp": "2025-11-18T22:56:19.926400",
    "project": "PramaIA-Agents",
    "level": "info",
    "module": "document-folder-monitor-agent",
    "message": "[MANUTENZIONE] Avvio pulizia eventi duplicati...",
    "details": null,
    "context": null
  },
  {
    "id": "c6d1483a-d9a0-4540-ae23-c08a6214624e",
    "timestamp": "2025-11-18T22:56:19.926870",
    "project": "PramaIA-Agents",
    "level": "info",
    "module": "document-folder-monitor-agent",
    "message": "Pulizia avanzata degli eventi duplicati...",
    "details": null,
    "context": null
  },
  {
    "id": "f0b19bff-c2a8-402e-8d0f-c82a2b58d00b",
    "timestamp": "2025-11-18T22:56:19.927243",
    "project": "PramaIA-Agents",
    "level": "info",
    "module": "document-folder-monitor-agent",
    "message": "Usando il metodo legacy di pulizia degli eventi duplicati...",
    "details": null,
    "context": null
  },
  {
    "id": "86243d98-2854-4191-bd1a-078b7e9f4f46",
    "timestamp": "2025-11-18T22:56:19.927451",
    "project": "PramaIA-Agents",
    "level": "debug",
    "module": "document-folder-monitor-agent",
    "message": "[event_maintenance] Tentativo acquisizione lock per _legacy_clean_duplicate_events",
    "details": null,
    "context": null
  },
  {
    "id": "f08eee11-2617-4974-a9f3-2e26fd650e37",
    "timestamp": "2025-11-18T22:56:19.927575",
    "project": "PramaIA-Agents",
    "level": "debug",
    "module": "document-folder-monitor-agent",
    "message": "[event_maintenance] Lock acquisito per _legacy_clean_duplicate_events, apertura connessione SQLite",
    "details": null,
    "context": null
  },
  {
    "id": "25bf0efc-fb22-4ef1-ad92-268202396ac8",
    "timestamp": "2025-11-18T22:56:19.928543",
    "project": "PramaIA-Agents",
    "level": "debug",
    "module": "document-folder-monitor-agent",
    "message": "[event_maintenance] Connessione SQLite chiusa dopo _legacy_clean_duplicate_events",
    "details": null,
    "context": null
  },
  {
    "id": "c6eb7e50-4233-4f98-9643-82a604f762a5",
    "timestamp": "2025-11-18T22:56:19.928737",
    "project": "PramaIA-Agents",
    "level": "info",
    "module": "document-folder-monitor-agent",
    "message": "[MANUTENZIONE] Pulizia completata: rimossi 0 eventi duplicati",
    "details": null,
    "context": null
  },
  {
    "id": "c8d010e3-dfea-43b5-bced-b5e8517257ac",
    "timestamp": "2025-11-18T22:56:19.928997",
    "project": "PramaIA-Agents",
    "level": "info",
    "module": "document-folder-monitor-agent",
    "message": "[MANUTENZIONE] Verifica eventi bloccati...",
    "details": null,
    "context": null
  },
  {
    "id": "68123a20-5a4c-4580-85df-53223e28b81b",
    "timestamp": "2025-11-18T22:56:19.929260",
    "project": "PramaIA-Agents",
    "level": "info",
    "module": "document-folder-monitor-agent",
    "message": "Verifica eventi bloccati (pi\u00f9 vecchi di 2 ore)...",
    "details": null,
    "context": null
  },
  {
    "id": "872a2d88-a26f-4a8e-aab8-2dd2e2e6b1b4",
    "timestamp": "2025-11-18T22:56:19.929456",
    "project": "PramaIA-Agents",
    "level": "debug",
    "module": "document-folder-monitor-agent",
    "message": "[event_maintenance] Tentativo acquisizione lock per auto_update_stalled_events",
    "details": null,
    "context": null
  },
  {
    "id": "672dc870-d7ee-43a2-a57f-d26f47ff2c3b",
    "timestamp": "2025-11-18T22:56:19.929554",
    "project": "PramaIA-Agents",
    "level": "debug",
    "module": "document-folder-monitor-agent",
    "message": "[event_maintenance] Lock acquisito per auto_update_stalled_events, apertura connessione SQLite",
    "details": null,
    "context": null
  },
  {
    "id": "957faa3e-dabd-4990-bba4-b7aa4e3dd6ef",
    "timestamp": "2025-11-18T22:56:19.930106",
    "project": "PramaIA-Agents",
    "level": "debug",
    "module": "document-folder-monitor-agent",
    "message": "[event_maintenance] Connessione SQLite chiusa dopo auto_update_stalled_events",
    "details": null,
    "context": null
  },
  {
    "id": "4f1439bf-5e77-4d4c-bb82-92cb2a347ad8",
    "timestamp": "2025-11-18T22:56:19.930293",
    "project": "PramaIA-Agents",
    "level": "info",
    "module": "document-folder-monitor-agent",
    "message": "0 eventi bloccati sono stati aggiornati a 'failed'",
    "details": null,
    "context": null
  },
  {
    "id": "33a5d6b3-98df-4ab7-aed2-841e9a0993c7",
    "timestamp": "2025-11-18T22:56:19.930546",
    "project": "PramaIA-Agents",
    "level": "info",
    "module": "document-folder-monitor-agent",
    "message": "[MANUTENZIONE] Aggiornati 0 eventi bloccati",
    "details": null,
    "context": null
  }
]