[
  {
    "id": "36b58f50-89ab-43ab-8ad5-6b68f708e088",
    "timestamp": "2025-11-18T23:26:19.937806",
    "project": "PramaIA-Agents",
    "level": "info",
    "module": "document-folder-monitor-agent",
    "message": "[MANUTENZIONE] Avvio pulizia eventi duplicati...",
    "details": null,
    "context": null
  },
  {
    "id": "144fe609-91c2-4eef-ab13-3e340f6ef9e0",
    "timestamp": "2025-11-18T23:26:19.938089",
    "project": "PramaIA-Agents",
    "level": "info",
    "module": "document-folder-monitor-agent",
    "message": "Pulizia avanzata degli eventi duplicati...",
    "details": null,
    "context": null
  },
  {
    "id": "8a7371a1-77d3-411a-87fa-522835ba9bea",
    "timestamp": "2025-11-18T23:26:19.938398",
    "project": "PramaIA-Agents",
    "level": "info",
    "module": "document-folder-monitor-agent",
    "message": "Usando il metodo legacy di pulizia degli eventi duplicati...",
    "details": null,
    "context": null
  },
  {
    "id": "c62d2ac8-faa7-40b2-b94d-add9aebb5ade",
    "timestamp": "2025-11-18T23:26:19.938731",
    "project": "PramaIA-Agents",
    "level": "debug",
    "module": "document-folder-monitor-agent",
    "message": "[event_maintenance] Tentativo acquisizione lock per _legacy_clean_duplicate_events",
    "details": null,
    "context": null
  },
  {
    "id": "3cd0eed7-f4c9-4bc8-8db4-35a9d6a75423",
    "timestamp": "2025-11-18T23:26:19.938894",
    "project": "PramaIA-Agents",
    "level": "debug",
    "module": "document-folder-monitor-agent",
    "message": "[event_maintenance] Lock acquisito per _legacy_clean_duplicate_events, apertura connessione SQLite",
    "details": null,
    "context": null
  },
  {
    "id": "715865e4-0743-4593-abf8-da471f1b441a",
    "timestamp": "2025-11-18T23:26:19.940173",
    "project": "PramaIA-Agents",
    "level": "debug",
    "module": "document-folder-monitor-agent",
    "message": "[event_maintenance] Connessione SQLite chiusa dopo _legacy_clean_duplicate_events",
    "details": null,
    "context": null
  },
  {
    "id": "83ae4676-2691-4f69-b4a5-40d742eea20b",
    "timestamp": "2025-11-18T23:26:19.940335",
    "project": "PramaIA-Agents",
    "level": "info",
    "module": "document-folder-monitor-agent",
    "message": "[MANUTENZIONE] Pulizia completata: rimossi 0 eventi duplicati",
    "details": null,
    "context": null
  },
  {
    "id": "ea3c3a35-5d63-49e5-82f8-d56ae746d7d6",
    "timestamp": "2025-11-18T23:26:19.940573",
    "project": "PramaIA-Agents",
    "level": "info",
    "module": "document-folder-monitor-agent",
    "message": "[MANUTENZIONE] Verifica eventi bloccati...",
    "details": null,
    "context": null
  },
  {
    "id": "b6e5c0a0-ce4c-4ca6-a145-2106ef4ef11e",
    "timestamp": "2025-11-18T23:26:19.940875",
    "project": "PramaIA-Agents",
    "level": "info",
    "module": "document-folder-monitor-agent",
    "message": "Verifica eventi bloccati (pi\u00f9 vecchi di 2 ore)...",
    "details": null,
    "context": null
  },
  {
    "id": "5d4a8294-90c7-43ff-828c-c5139ad49c37",
    "timestamp": "2025-11-18T23:26:19.941039",
    "project": "PramaIA-Agents",
    "level": "debug",
    "module": "document-folder-monitor-agent",
    "message": "[event_maintenance] Tentativo acquisizione lock per auto_update_stalled_events",
    "details": null,
    "context": null
  },
  {
    "id": "f24c6d2b-47db-4023-98c6-7b59e5f2fb55",
    "timestamp": "2025-11-18T23:26:19.941119",
    "project": "PramaIA-Agents",
    "level": "debug",
    "module": "document-folder-monitor-agent",
    "message": "[event_maintenance] Lock acquisito per auto_update_stalled_events, apertura connessione SQLite",
    "details": null,
    "context": null
  },
  {
    "id": "76bcd44a-cc41-458a-8f6f-1d3230c7bc94",
    "timestamp": "2025-11-18T23:26:19.941702",
    "project": "PramaIA-Agents",
    "level": "debug",
    "module": "document-folder-monitor-agent",
    "message": "[event_maintenance] Connessione SQLite chiusa dopo auto_update_stalled_events",
    "details": null,
    "context": null
  },
  {
    "id": "8e2fa935-5064-4419-9b97-7b58ec1e6837",
    "timestamp": "2025-11-18T23:26:19.941850",
    "project": "PramaIA-Agents",
    "level": "info",
    "module": "document-folder-monitor-agent",
    "message": "0 eventi bloccati sono stati aggiornati a 'failed'",
    "details": null,
    "context": null
  },
  {
    "id": "4d27f13c-9f33-4a51-94d0-b3d1dd1b7083",
    "timestamp": "2025-11-18T23:26:19.942047",
    "project": "PramaIA-Agents",
    "level": "info",
    "module": "document-folder-monitor-agent",
    "message": "[MANUTENZIONE] Aggiornati 0 eventi bloccati",
    "details": null,
    "context": null
  }
]