[
  {
    "id": "59df5e5c-99d0-4479-a0fd-06f2155eabbb",
    "timestamp": "2025-11-18T23:41:19.943065",
    "project": "PramaIA-Agents",
    "level": "info",
    "module": "document-folder-monitor-agent",
    "message": "[MANUTENZIONE] Avvio pulizia eventi duplicati...",
    "details": null,
    "context": null
  },
  {
    "id": "0c0af5f0-36ce-4a16-90dd-92cb1d666afc",
    "timestamp": "2025-11-18T23:41:19.943645",
    "project": "PramaIA-Agents",
    "level": "info",
    "module": "document-folder-monitor-agent",
    "message": "Pulizia avanzata degli eventi duplicati...",
    "details": null,
    "context": null
  },
  {
    "id": "6d21f16e-1674-4da4-8bfc-089a6eb0ad96",
    "timestamp": "2025-11-18T23:41:19.944149",
    "project": "PramaIA-Agents",
    "level": "info",
    "module": "document-folder-monitor-agent",
    "message": "Usando il metodo legacy di pulizia degli eventi duplicati...",
    "details": null,
    "context": null
  },
  {
    "id": "c51e7e82-e8a5-4a37-a52d-e23edf0b19f2",
    "timestamp": "2025-11-18T23:41:19.944393",
    "project": "PramaIA-Agents",
    "level": "debug",
    "module": "document-folder-monitor-agent",
    "message": "[event_maintenance] Tentativo acquisizione lock per _legacy_clean_duplicate_events",
    "details": null,
    "context": null
  },
  {
    "id": "876c4825-a3a8-4180-ad22-ee537850f6ba",
    "timestamp": "2025-11-18T23:41:19.944541",
    "project": "PramaIA-Agents",
    "level": "debug",
    "module": "document-folder-monitor-agent",
    "message": "[event_maintenance] Lock acquisito per _legacy_clean_duplicate_events, apertura connessione SQLite",
    "details": null,
    "context": null
  },
  {
    "id": "88ec86e3-7cab-495c-a061-02fdb53d13ac",
    "timestamp": "2025-11-18T23:41:19.945597",
    "project": "PramaIA-Agents",
    "level": "debug",
    "module": "document-folder-monitor-agent",
    "message": "[event_maintenance] Connessione SQLite chiusa dopo _legacy_clean_duplicate_events",
    "details": null,
    "context": null
  },
  {
    "id": "455ecda0-310a-44ee-a2e7-af47abe65c42",
    "timestamp": "2025-11-18T23:41:19.945848",
    "project": "PramaIA-Agents",
    "level": "info",
    "module": "document-folder-monitor-agent",
    "message": "[MANUTENZIONE] Pulizia completata: rimossi 0 eventi duplicati",
    "details": null,
    "context": null
  },
  {
    "id": "6a6d3cb8-16bc-4c61-932f-264e7ea03ccf",
    "timestamp": "2025-11-18T23:41:19.946265",
    "project": "PramaIA-Agents",
    "level": "info",
    "module": "document-folder-monitor-agent",
    "message": "[MANUTENZIONE] Verifica eventi bloccati...",
    "details": null,
    "context": null
  },
  {
    "id": "2b65905c-e568-4c71-8633-c63dcad4448b",
    "timestamp": "2025-11-18T23:41:19.946630",
    "project": "PramaIA-Agents",
    "level": "info",
    "module": "document-folder-monitor-agent",
    "message": "Verifica eventi bloccati (pi\u00f9 vecchi di 2 ore)...",
    "details": null,
    "context": null
  },
  {
    "id": "3edf31d8-ae02-463f-abeb-4a2e2d69782f",
    "timestamp": "2025-11-18T23:41:19.946873",
    "project": "PramaIA-Agents",
    "level": "debug",
    "module": "document-folder-monitor-agent",
    "message": "[event_maintenance] Tentativo acquisizione lock per auto_update_stalled_events",
    "details": null,
    "context": null
  },
  {
    "id": "c04f7712-5103-4cb5-8450-87bc5b0eec41",
    "timestamp": "2025-11-18T23:41:19.946995",
    "project": "PramaIA-Agents",
    "level": "debug",
    "module": "document-folder-monitor-agent",
    "message": "[event_maintenance] Lock acquisito per auto_update_stalled_events, apertura connessione SQLite",
    "details": null,
    "context": null
  },
  {
    "id": "afb252ca-90d5-4579-bd70-d33f5d3b788b",
    "timestamp": "2025-11-18T23:41:19.947493",
    "project": "PramaIA-Agents",
    "level": "debug",
    "module": "document-folder-monitor-agent",
    "message": "[event_maintenance] Connessione SQLite chiusa dopo auto_update_stalled_events",
    "details": null,
    "context": null
  },
  {
    "id": "d37f8cb5-0520-4f81-b670-6595b8696d95",
    "timestamp": "2025-11-18T23:41:19.947690",
    "project": "PramaIA-Agents",
    "level": "info",
    "module": "document-folder-monitor-agent",
    "message": "0 eventi bloccati sono stati aggiornati a 'failed'",
    "details": null,
    "context": null
  },
  {
    "id": "86eda313-c7b0-4ac6-8328-5b041eca55e4",
    "timestamp": "2025-11-18T23:41:19.947920",
    "project": "PramaIA-Agents",
    "level": "info",
    "module": "document-folder-monitor-agent",
    "message": "[MANUTENZIONE] Aggiornati 0 eventi bloccati",
    "details": null,
    "context": null
  }
]