[
  {
    "id": "882905e4-b3d7-4a7e-9685-0842db1ae347",
    "timestamp": "2025-11-22T22:02:19.516338",
    "project": "PramaIA-Agents",
    "level": "info",
    "module": "document-folder-monitor-agent",
    "message": "[MANUTENZIONE] Avvio pulizia eventi duplicati...",
    "details": null,
    "context": null
  },
  {
    "id": "345b9419-a856-4348-815d-cbfc0b2a90e0",
    "timestamp": "2025-11-22T22:02:19.516758",
    "project": "PramaIA-Agents",
    "level": "info",
    "module": "document-folder-monitor-agent",
    "message": "Pulizia avanzata degli eventi duplicati...",
    "details": null,
    "context": null
  },
  {
    "id": "9ed4b3f7-79e7-49c2-9a9d-a96eb10b7284",
    "timestamp": "2025-11-22T22:02:19.517142",
    "project": "PramaIA-Agents",
    "level": "info",
    "module": "document-folder-monitor-agent",
    "message": "Usando il metodo legacy di pulizia degli eventi duplicati...",
    "details": null,
    "context": null
  },
  {
    "id": "b5ae6a1e-bb94-4baa-8639-11626a6613c3",
    "timestamp": "2025-11-22T22:02:19.517385",
    "project": "PramaIA-Agents",
    "level": "debug",
    "module": "document-folder-monitor-agent",
    "message": "[event_maintenance] Tentativo acquisizione lock per _legacy_clean_duplicate_events",
    "details": null,
    "context": null
  },
  {
    "id": "c66066b5-d341-4aef-ae2f-56fe5f77f67b",
    "timestamp": "2025-11-22T22:02:19.517587",
    "project": "PramaIA-Agents",
    "level": "debug",
    "module": "document-folder-monitor-agent",
    "message": "[event_maintenance] Lock acquisito per _legacy_clean_duplicate_events, apertura connessione SQLite",
    "details": null,
    "context": null
  },
  {
    "id": "542cafb4-062d-4614-ad57-891ae411628b",
    "timestamp": "2025-11-22T22:02:19.518744",
    "project": "PramaIA-Agents",
    "level": "debug",
    "module": "document-folder-monitor-agent",
    "message": "[event_maintenance] Connessione SQLite chiusa dopo _legacy_clean_duplicate_events",
    "details": null,
    "context": null
  },
  {
    "id": "02f63b4f-595e-4294-aeca-db89b64f92f5",
    "timestamp": "2025-11-22T22:02:19.519086",
    "project": "PramaIA-Agents",
    "level": "info",
    "module": "document-folder-monitor-agent",
    "message": "[MANUTENZIONE] Pulizia completata: rimossi 0 eventi duplicati",
    "details": null,
    "context": null
  },
  {
    "id": "28917846-d8db-4268-a94f-180db6a84a8d",
    "timestamp": "2025-11-22T22:02:19.519477",
    "project": "PramaIA-Agents",
    "level": "info",
    "module": "document-folder-monitor-agent",
    "message": "[MANUTENZIONE] Verifica eventi bloccati...",
    "details": null,
    "context": null
  },
  {
    "id": "9aa2c3e3-4fb4-4cc0-81ef-f7e454c1a738",
    "timestamp": "2025-11-22T22:02:19.519741",
    "project": "PramaIA-Agents",
    "level": "info",
    "module": "document-folder-monitor-agent",
    "message": "Verifica eventi bloccati (pi\u00f9 vecchi di 2 ore)...",
    "details": null,
    "context": null
  },
  {
    "id": "4b09ad54-e165-4f8b-beaa-fc6ace487250",
    "timestamp": "2025-11-22T22:02:19.519923",
    "project": "PramaIA-Agents",
    "level": "debug",
    "module": "document-folder-monitor-agent",
    "message": "[event_maintenance] Tentativo acquisizione lock per auto_update_stalled_events",
    "details": null,
    "context": null
  },
  {
    "id": "711df821-a6bb-4dbd-85b4-abce08ec3d4f",
    "timestamp": "2025-11-22T22:02:19.520015",
    "project": "PramaIA-Agents",
    "level": "debug",
    "module": "document-folder-monitor-agent",
    "message": "[event_maintenance] Lock acquisito per auto_update_stalled_events, apertura connessione SQLite",
    "details": null,
    "context": null
  },
  {
    "id": "ce0545e6-65ec-44d3-ae26-881b53cf4b58",
    "timestamp": "2025-11-22T22:02:19.520491",
    "project": "PramaIA-Agents",
    "level": "debug",
    "module": "document-folder-monitor-agent",
    "message": "[event_maintenance] Connessione SQLite chiusa dopo auto_update_stalled_events",
    "details": null,
    "context": null
  },
  {
    "id": "5b0f2907-6db0-477a-ae3e-94509726c585",
    "timestamp": "2025-11-22T22:02:19.520656",
    "project": "PramaIA-Agents",
    "level": "info",
    "module": "document-folder-monitor-agent",
    "message": "0 eventi bloccati sono stati aggiornati a 'failed'",
    "details": null,
    "context": null
  },
  {
    "id": "ba4b9434-ce4d-4971-b159-d95458a97da1",
    "timestamp": "2025-11-22T22:02:19.520890",
    "project": "PramaIA-Agents",
    "level": "info",
    "module": "document-folder-monitor-agent",
    "message": "[MANUTENZIONE] Aggiornati 0 eventi bloccati",
    "details": null,
    "context": null
  }
]