[
  {
    "id": "b11dc425-afd6-4b5d-949d-09371d2ec6eb",
    "timestamp": "2025-11-22T22:17:19.522257",
    "project": "PramaIA-Agents",
    "level": "info",
    "module": "document-folder-monitor-agent",
    "message": "[MANUTENZIONE] Avvio pulizia eventi duplicati...",
    "details": null,
    "context": null
  },
  {
    "id": "cc733467-e766-49cb-a50d-f7b4402c848a",
    "timestamp": "2025-11-22T22:17:19.522818",
    "project": "PramaIA-Agents",
    "level": "info",
    "module": "document-folder-monitor-agent",
    "message": "Pulizia avanzata degli eventi duplicati...",
    "details": null,
    "context": null
  },
  {
    "id": "5e1d5113-38ce-447e-af75-3967ac332681",
    "timestamp": "2025-11-22T22:17:19.523208",
    "project": "PramaIA-Agents",
    "level": "info",
    "module": "document-folder-monitor-agent",
    "message": "Usando il metodo legacy di pulizia degli eventi duplicati...",
    "details": null,
    "context": null
  },
  {
    "id": "e94db696-842f-4555-aeb0-73981f832b1a",
    "timestamp": "2025-11-22T22:17:19.523457",
    "project": "PramaIA-Agents",
    "level": "debug",
    "module": "document-folder-monitor-agent",
    "message": "[event_maintenance] Tentativo acquisizione lock per _legacy_clean_duplicate_events",
    "details": null,
    "context": null
  },
  {
    "id": "51052582-c057-4dfb-b4f7-0e327ee13c9d",
    "timestamp": "2025-11-22T22:17:19.523607",
    "project": "PramaIA-Agents",
    "level": "debug",
    "module": "document-folder-monitor-agent",
    "message": "[event_maintenance] Lock acquisito per _legacy_clean_duplicate_events, apertura connessione SQLite",
    "details": null,
    "context": null
  },
  {
    "id": "8bf717c7-f122-4048-bbb8-9451737d8736",
    "timestamp": "2025-11-22T22:17:19.524362",
    "project": "PramaIA-Agents",
    "level": "debug",
    "module": "document-folder-monitor-agent",
    "message": "[event_maintenance] Connessione SQLite chiusa dopo _legacy_clean_duplicate_events",
    "details": null,
    "context": null
  },
  {
    "id": "cc177d62-47ce-4fb8-b55a-db1c628f7ea0",
    "timestamp": "2025-11-22T22:17:19.524606",
    "project": "PramaIA-Agents",
    "level": "info",
    "module": "document-folder-monitor-agent",
    "message": "[MANUTENZIONE] Pulizia completata: rimossi 0 eventi duplicati",
    "details": null,
    "context": null
  },
  {
    "id": "6ae7b8ea-68bd-47f2-b07a-868124ea64c8",
    "timestamp": "2025-11-22T22:17:19.524902",
    "project": "PramaIA-Agents",
    "level": "info",
    "module": "document-folder-monitor-agent",
    "message": "[MANUTENZIONE] Verifica eventi bloccati...",
    "details": null,
    "context": null
  },
  {
    "id": "805065b6-b7ba-42e1-851e-2265bd41486f",
    "timestamp": "2025-11-22T22:17:19.525317",
    "project": "PramaIA-Agents",
    "level": "info",
    "module": "document-folder-monitor-agent",
    "message": "Verifica eventi bloccati (pi\u00f9 vecchi di 2 ore)...",
    "details": null,
    "context": null
  },
  {
    "id": "6938752b-44da-4556-a556-8aa49c277ab1",
    "timestamp": "2025-11-22T22:17:19.525542",
    "project": "PramaIA-Agents",
    "level": "debug",
    "module": "document-folder-monitor-agent",
    "message": "[event_maintenance] Tentativo acquisizione lock per auto_update_stalled_events",
    "details": null,
    "context": null
  },
  {
    "id": "ae6b6674-6c59-404b-bf8e-f89bd0021b8e",
    "timestamp": "2025-11-22T22:17:19.525648",
    "project": "PramaIA-Agents",
    "level": "debug",
    "module": "document-folder-monitor-agent",
    "message": "[event_maintenance] Lock acquisito per auto_update_stalled_events, apertura connessione SQLite",
    "details": null,
    "context": null
  },
  {
    "id": "f718056f-dbb1-436e-8df4-0031f4e0bf11",
    "timestamp": "2025-11-22T22:17:19.526224",
    "project": "PramaIA-Agents",
    "level": "debug",
    "module": "document-folder-monitor-agent",
    "message": "[event_maintenance] Connessione SQLite chiusa dopo auto_update_stalled_events",
    "details": null,
    "context": null
  },
  {
    "id": "873b5c11-b467-494a-94d8-fd93ae6763fd",
    "timestamp": "2025-11-22T22:17:19.526428",
    "project": "PramaIA-Agents",
    "level": "info",
    "module": "document-folder-monitor-agent",
    "message": "0 eventi bloccati sono stati aggiornati a 'failed'",
    "details": null,
    "context": null
  },
  {
    "id": "2275a0ad-20b3-4311-a67a-230a5953e4a4",
    "timestamp": "2025-11-22T22:17:19.526726",
    "project": "PramaIA-Agents",
    "level": "info",
    "module": "document-folder-monitor-agent",
    "message": "[MANUTENZIONE] Aggiornati 0 eventi bloccati",
    "details": null,
    "context": null
  }
]