[
  {
    "id": "3c4e9486-4d1d-49c8-b09a-2b807c25106c",
    "timestamp": "2025-11-19T23:25:25.229468",
    "project": "PramaIAServer",
    "level": "lifecycle",
    "module": "system_events",
    "message": "LogService avviato",
    "details": {
      "event_type": "service_start",
      "version": "1.0.0",
      "log_type": "lifecycle",
      "event_time": "2025-11-19T23:25:25.229439"
    },
    "context": {
      "component": "logservice_main"
    }
  },
  {
    "id": "890852b2-aaef-42ce-9069-ee85d7cf2d8a",
    "timestamp": "2025-11-19T23:25:49.172901",
    "project": "PramaIAServer",
    "level": "info",
    "module": "pramaiaserver",
    "message": "\ud83d\udcdd Registrato processore per tipo 'input_user': UserInputProcessor",
    "details": null,
    "context": {
      "module": "backend.engine.node_registry",
      "file": "C:\\PramaIA\\PramaIAServer\\backend\\engine\\node_registry.py",
      "line": 179,
      "function": "register_processor"
    }
  },
  {
    "id": "82607218-88c6-4ba1-98c9-c801d137d1ed",
    "timestamp": "2025-11-19T23:25:49.173065",
    "project": "PramaIAServer",
    "level": "info",
    "module": "pramaiaserver",
    "message": "\ud83d\udcdd Registrato processore per tipo 'input_file': FileInputProcessor",
    "details": null,
    "context": {
      "module": "backend.engine.node_registry",
      "file": "C:\\PramaIA\\PramaIAServer\\backend\\engine\\node_registry.py",
      "line": 179,
      "function": "register_processor"
    }
  },
  {
    "id": "96353301-e722-40f5-ad00-1992f5f9cd8e",
    "timestamp": "2025-11-19T23:25:49.419544",
    "project": "PramaIAServer",
    "level": "info",
    "module": "pramaiaserver",
    "message": "\ud83d\udcdd Registrato processore per tipo 'llm_openai': OpenAIProcessor",
    "details": null,
    "context": {
      "module": "backend.engine.node_registry",
      "file": "C:\\PramaIA\\PramaIAServer\\backend\\engine\\node_registry.py",
      "line": 179,
      "function": "register_processor"
    }
  },
  {
    "id": "6684cbd9-c30a-4bac-a8f8-0a322e71addf",
    "timestamp": "2025-11-19T23:25:49.419659",
    "project": "PramaIAServer",
    "level": "info",
    "module": "pramaiaserver",
    "message": "\ud83d\udcdd Registrato processore per tipo 'llm_anthropic': AnthropicProcessor",
    "details": null,
    "context": {
      "module": "backend.engine.node_registry",
      "file": "C:\\PramaIA\\PramaIAServer\\backend\\engine\\node_registry.py",
      "line": 179,
      "function": "register_processor"
    }
  },
  {
    "id": "c924200a-2a09-4886-b672-210ab799f3b2",
    "timestamp": "2025-11-19T23:25:49.691555",
    "project": "PramaIAServer",
    "level": "info",
    "module": "pramaiaserver",
    "message": "\ud83d\udcdd Registrato processore per tipo 'llm_gemini': OpenAIProcessor",
    "details": null,
    "context": {
      "module": "backend.engine.node_registry",
      "file": "C:\\PramaIA\\PramaIAServer\\backend\\engine\\node_registry.py",
      "line": 179,
      "function": "register_processor"
    }
  },
  {
    "id": "7cd0a006-4565-4fc2-a36e-7288753687b6",
    "timestamp": "2025-11-19T23:25:49.691958",
    "project": "PramaIAServer",
    "level": "info",
    "module": "pramaiaserver",
    "message": "\ud83d\udcdd Registrato processore per tipo 'llm_ollama': OllamaProcessor",
    "details": null,
    "context": {
      "module": "backend.engine.node_registry",
      "file": "C:\\PramaIA\\PramaIAServer\\backend\\engine\\node_registry.py",
      "line": 179,
      "function": "register_processor"
    }
  },
  {
    "id": "a265c50d-2ffd-4ed3-8b05-b8d6bc15d6dc",
    "timestamp": "2025-11-19T23:25:49.692062",
    "project": "PramaIAServer",
    "level": "info",
    "module": "pramaiaserver",
    "message": "\ud83d\udcdd Registrato processore per tipo 'output_text': TextOutputProcessor",
    "details": null,
    "context": {
      "module": "backend.engine.node_registry",
      "file": "C:\\PramaIA\\PramaIAServer\\backend\\engine\\node_registry.py",
      "line": 179,
      "function": "register_processor"
    }
  },
  {
    "id": "968a8423-9514-419f-aca7-8316659cd2f6",
    "timestamp": "2025-11-19T23:25:49.692222",
    "project": "PramaIAServer",
    "level": "info",
    "module": "pramaiaserver",
    "message": "\ud83d\udcdd Registrato processore per tipo 'output_file': FileOutputProcessor",
    "details": null,
    "context": {
      "module": "backend.engine.node_registry",
      "file": "C:\\PramaIA\\PramaIAServer\\backend\\engine\\node_registry.py",
      "line": 179,
      "function": "register_processor"
    }
  },
  {
    "id": "d67b1d49-c43d-4df8-bd44-902d8b92d57f",
    "timestamp": "2025-11-19T23:25:49.692363",
    "project": "PramaIAServer",
    "level": "info",
    "module": "pramaiaserver",
    "message": "\ud83d\udcdd Registrato processore per tipo 'output_email': EmailOutputProcessor",
    "details": null,
    "context": {
      "module": "backend.engine.node_registry",
      "file": "C:\\PramaIA\\PramaIAServer\\backend\\engine\\node_registry.py",
      "line": 179,
      "function": "register_processor"
    }
  },
  {
    "id": "57856574-f207-4466-a78a-9b67f850283f",
    "timestamp": "2025-11-19T23:25:49.692479",
    "project": "PramaIAServer",
    "level": "info",
    "module": "pramaiaserver",
    "message": "\ud83d\udcdd Registrato processore per tipo 'data_transform': DataTransformProcessor",
    "details": null,
    "context": {
      "module": "backend.engine.node_registry",
      "file": "C:\\PramaIA\\PramaIAServer\\backend\\engine\\node_registry.py",
      "line": 179,
      "function": "register_processor"
    }
  },
  {
    "id": "cb3518b4-cd79-4e0f-85f5-fa53d1a7c808",
    "timestamp": "2025-11-19T23:25:49.692612",
    "project": "PramaIAServer",
    "level": "info",
    "module": "pramaiaserver",
    "message": "\ud83d\udcdd Registrato processore per tipo 'text_processor': TextProcessor",
    "details": null,
    "context": {
      "module": "backend.engine.node_registry",
      "file": "C:\\PramaIA\\PramaIAServer\\backend\\engine\\node_registry.py",
      "line": 179,
      "function": "register_processor"
    }
  },
  {
    "id": "f3196a85-31dd-4d98-b2af-e6a8f7ed3806",
    "timestamp": "2025-11-19T23:25:49.692729",
    "project": "PramaIAServer",
    "level": "info",
    "module": "pramaiaserver",
    "message": "\ud83d\udcdd Registrato processore per tipo 'json_processor': JSONProcessor",
    "details": null,
    "context": {
      "module": "backend.engine.node_registry",
      "file": "C:\\PramaIA\\PramaIAServer\\backend\\engine\\node_registry.py",
      "line": 179,
      "function": "register_processor"
    }
  },
  {
    "id": "1faf3fff-0cfc-4b72-a553-d45475a5f903",
    "timestamp": "2025-11-19T23:25:49.692818",
    "project": "PramaIAServer",
    "level": "info",
    "module": "pramaiaserver",
    "message": "\ud83d\udcdd Registrato processore per tipo 'http_request': HTTPRequestProcessor",
    "details": null,
    "context": {
      "module": "backend.engine.node_registry",
      "file": "C:\\PramaIA\\PramaIAServer\\backend\\engine\\node_registry.py",
      "line": 179,
      "function": "register_processor"
    }
  },
  {
    "id": "81031d8c-0293-4a07-92c4-acb513283392",
    "timestamp": "2025-11-19T23:25:49.692935",
    "project": "PramaIAServer",
    "level": "info",
    "module": "pramaiaserver",
    "message": "\ud83d\udcdd Registrato processore per tipo 'webhook': WebhookProcessor",
    "details": null,
    "context": {
      "module": "backend.engine.node_registry",
      "file": "C:\\PramaIA\\PramaIAServer\\backend\\engine\\node_registry.py",
      "line": 179,
      "function": "register_processor"
    }
  },
  {
    "id": "02757b1d-50b2-44dd-9d7d-8c786cae38c8",
    "timestamp": "2025-11-19T23:25:49.693020",
    "project": "PramaIAServer",
    "level": "info",
    "module": "pramaiaserver",
    "message": "\ud83d\udcdd Registrato processore per tipo 'api_call': APICallProcessor",
    "details": null,
    "context": {
      "module": "backend.engine.node_registry",
      "file": "C:\\PramaIA\\PramaIAServer\\backend\\engine\\node_registry.py",
      "line": 179,
      "function": "register_processor"
    }
  },
  {
    "id": "90880712-1421-4627-ab9f-dcbbab164e32",
    "timestamp": "2025-11-19T23:25:49.693110",
    "project": "PramaIAServer",
    "level": "info",
    "module": "pramaiaserver",
    "message": "\ud83d\udcdd Registrato processore per tipo 'rag_query': RAGQueryProcessor",
    "details": null,
    "context": {
      "module": "backend.engine.node_registry",
      "file": "C:\\PramaIA\\PramaIAServer\\backend\\engine\\node_registry.py",
      "line": 179,
      "function": "register_processor"
    }
  },
  {
    "id": "b75face5-e719-4466-b608-f66eff1696da",
    "timestamp": "2025-11-19T23:25:49.693196",
    "project": "PramaIAServer",
    "level": "info",
    "module": "pramaiaserver",
    "message": "\ud83d\udcdd Registrato processore per tipo 'document_index': DocumentIndexProcessor",
    "details": null,
    "context": {
      "module": "backend.engine.node_registry",
      "file": "C:\\PramaIA\\PramaIAServer\\backend\\engine\\node_registry.py",
      "line": 179,
      "function": "register_processor"
    }
  },
  {
    "id": "60429c47-eff4-4a86-92e7-ba1e1f240745",
    "timestamp": "2025-11-19T23:25:49.693279",
    "project": "PramaIAServer",
    "level": "info",
    "module": "pramaiaserver",
    "message": "\ud83d\udcdd Registrato processore per tipo 'rag_generation': RAGGenerationProcessor",
    "details": null,
    "context": {
      "module": "backend.engine.node_registry",
      "file": "C:\\PramaIA\\PramaIAServer\\backend\\engine\\node_registry.py",
      "line": 179,
      "function": "register_processor"
    }
  },
  {
    "id": "9ea79006-1ff4-4589-b9e3-5efff20f8f18",
    "timestamp": "2025-11-19T23:25:49.693363",
    "project": "PramaIAServer",
    "level": "info",
    "module": "pramaiaserver",
    "message": "\ud83d\udcdd Registrato processore per tipo 'event_input_node': EventInputProcessor",
    "details": null,
    "context": {
      "module": "backend.engine.node_registry",
      "file": "C:\\PramaIA\\PramaIAServer\\backend\\engine\\node_registry.py",
      "line": 179,
      "function": "register_processor"
    }
  },
  {
    "id": "7a8984cf-1b78-4449-b097-77c05a415141",
    "timestamp": "2025-11-19T23:25:49.693453",
    "project": "PramaIAServer",
    "level": "info",
    "module": "pramaiaserver",
    "message": "\ud83d\udcdd Registrato processore per tipo 'file_parsing': FileParsingProcessor",
    "details": null,
    "context": {
      "module": "backend.engine.node_registry",
      "file": "C:\\PramaIA\\PramaIAServer\\backend\\engine\\node_registry.py",
      "line": 179,
      "function": "register_processor"
    }
  },
  {
    "id": "51d5510e-f4e0-4dfc-9f29-c9b676976771",
    "timestamp": "2025-11-19T23:25:49.693551",
    "project": "PramaIAServer",
    "level": "info",
    "module": "pramaiaserver",
    "message": "\ud83d\udcdd Registrato processore per tipo 'metadata_manager': MetadataManagerProcessor",
    "details": null,
    "context": {
      "module": "backend.engine.node_registry",
      "file": "C:\\PramaIA\\PramaIAServer\\backend\\engine\\node_registry.py",
      "line": 179,
      "function": "register_processor"
    }
  },
  {
    "id": "5dfbb5b2-e7b6-4602-a0e2-1e8201f3dfbe",
    "timestamp": "2025-11-19T23:25:49.693676",
    "project": "PramaIAServer",
    "level": "info",
    "module": "pramaiaserver",
    "message": "\ud83d\udcdd Registrato processore per tipo 'document_processor': DocumentProcessorProcessor",
    "details": null,
    "context": {
      "module": "backend.engine.node_registry",
      "file": "C:\\PramaIA\\PramaIAServer\\backend\\engine\\node_registry.py",
      "line": 179,
      "function": "register_processor"
    }
  },
  {
    "id": "cce9097f-78af-40ad-afa4-1d69f8f6b960",
    "timestamp": "2025-11-19T23:25:49.693789",
    "project": "PramaIAServer",
    "level": "info",
    "module": "pramaiaserver",
    "message": "\ud83d\udcdd Registrato processore per tipo 'vector_store_operations': VectorStoreOperationsProcessor",
    "details": null,
    "context": {
      "module": "backend.engine.node_registry",
      "file": "C:\\PramaIA\\PramaIAServer\\backend\\engine\\node_registry.py",
      "line": 179,
      "function": "register_processor"
    }
  },
  {
    "id": "bb361c1e-908e-4fa8-996a-8e6d0b8ec953",
    "timestamp": "2025-11-19T23:25:49.693871",
    "project": "PramaIAServer",
    "level": "info",
    "module": "pramaiaserver",
    "message": "\ud83d\udcdd Registrato processore per tipo 'event_logger': EventLoggerProcessor",
    "details": null,
    "context": {
      "module": "backend.engine.node_registry",
      "file": "C:\\PramaIA\\PramaIAServer\\backend\\engine\\node_registry.py",
      "line": 179,
      "function": "register_processor"
    }
  },
  {
    "id": "d1ae7f09-d7a1-4ecb-ab4d-1659f180db4c",
    "timestamp": "2025-11-19T23:25:49.693957",
    "project": "PramaIAServer",
    "level": "info",
    "module": "pramaiaserver",
    "message": "\ud83d\udcdd Registrato processore per tipo 'processing_text': TextProcessor",
    "details": null,
    "context": {
      "module": "backend.engine.node_registry",
      "file": "C:\\PramaIA\\PramaIAServer\\backend\\engine\\node_registry.py",
      "line": 179,
      "function": "register_processor"
    }
  },
  {
    "id": "5939db7e-aa0c-4b19-b005-6d739cad0843",
    "timestamp": "2025-11-19T23:25:49.694043",
    "project": "PramaIAServer",
    "level": "info",
    "module": "pramaiaserver",
    "message": "\ud83d\udd27 NodeRegistry inizializzato con 25 processori",
    "details": null,
    "context": {
      "module": "backend.engine.node_registry",
      "file": "C:\\PramaIA\\PramaIAServer\\backend\\engine\\node_registry.py",
      "line": 100,
      "function": "__init__"
    }
  },
  {
    "id": "450d7958-aa03-4a57-b4d6-160d69e7cc37",
    "timestamp": "2025-11-19T23:25:52.975955",
    "project": "PramaIA-Agents",
    "level": "info",
    "module": "document-folder-monitor-agent",
    "message": "Document Monitor Agent avviato - LogService connesso",
    "details": {
      "timestamp": 1763591152.9759254,
      "host": "http://localhost:8081",
      "initialization": "startup"
    },
    "context": null
  },
  {
    "id": "1f39096f-0f8e-4831-8ce9-a6f512496bfd",
    "timestamp": "2025-11-19T23:25:52.976438",
    "project": "PramaIA-Agents",
    "level": "info",
    "module": "document-folder-monitor-agent",
    "message": "Document Monitor Agent logger inizializzato con integrazione LogService",
    "details": {
      "host": "http://localhost:8081"
    },
    "context": null
  },
  {
    "id": "50a54c32-5465-4644-9fb9-defd055b74b4",
    "timestamp": "2025-11-19T23:25:52.987569",
    "project": "PramaIA-Agents",
    "level": "debug",
    "module": "document-folder-monitor-agent",
    "message": "[EventBuffer] Inizializzazione con db_path=event_buffer.db",
    "details": null,
    "context": null
  },
  {
    "id": "1ad52d30-d112-4cb6-9604-17f8bcdd8e79",
    "timestamp": "2025-11-19T23:25:52.987719",
    "project": "PramaIA-Agents",
    "level": "debug",
    "module": "document-folder-monitor-agent",
    "message": "[EventBuffer] Tentativo acquisizione lock per _init_db",
    "details": null,
    "context": null
  },
  {
    "id": "3986712a-51db-4a11-a4c1-ab65e249719e",
    "timestamp": "2025-11-19T23:25:52.987830",
    "project": "PramaIA-Agents",
    "level": "debug",
    "module": "document-folder-monitor-agent",
    "message": "[EventBuffer] Lock acquisito per _init_db, apertura connessione SQLite",
    "details": null,
    "context": null
  },
  {
    "id": "4cab7ba4-40e1-4428-a439-a0c48591d422",
    "timestamp": "2025-11-19T23:25:52.988681",
    "project": "PramaIA-Agents",
    "level": "debug",
    "module": "document-folder-monitor-agent",
    "message": "[EventBuffer] Connessione SQLite chiusa dopo _init_db",
    "details": null,
    "context": null
  },
  {
    "id": "e15616a5-ebee-4fd9-8f4a-83123666f637",
    "timestamp": "2025-11-19T23:25:52.989709",
    "project": "PramaIA-Agents",
    "level": "debug",
    "module": "document-folder-monitor-agent",
    "message": "Percorso database hash convertito ad assoluto: C:\\PramaIA\\PramaIA-Agents\\document-folder-monitor-agent\\data/file_hashes.db",
    "details": null,
    "context": null
  },
  {
    "id": "29a1c173-27e1-4275-a466-feb6d262739b",
    "timestamp": "2025-11-19T23:25:52.989939",
    "project": "PramaIA-Agents",
    "level": "debug",
    "module": "document-folder-monitor-agent",
    "message": "Inizializzazione FileHashTracker con database: C:\\PramaIA\\PramaIA-Agents\\document-folder-monitor-agent\\data/file_hashes.db",
    "details": null,
    "context": null
  },
  {
    "id": "f4c082e8-4b73-4ddd-84ba-9c5986e204db",
    "timestamp": "2025-11-19T23:25:53.371263",
    "project": "PramaIA-Agents",
    "level": "debug",
    "module": "document-folder-monitor-agent",
    "message": "[EventBuffer] Inizializzazione con db_path=event_buffer.db",
    "details": null,
    "context": null
  },
  {
    "id": "1cc01345-bc9a-4a36-8fbd-4ffeebc07ecb",
    "timestamp": "2025-11-19T23:25:53.371444",
    "project": "PramaIA-Agents",
    "level": "debug",
    "module": "document-folder-monitor-agent",
    "message": "[EventBuffer] Tentativo acquisizione lock per _init_db",
    "details": null,
    "context": null
  },
  {
    "id": "bb47f89e-2ac9-4605-8898-9cb787f80c16",
    "timestamp": "2025-11-19T23:25:53.371602",
    "project": "PramaIA-Agents",
    "level": "debug",
    "module": "document-folder-monitor-agent",
    "message": "[EventBuffer] Lock acquisito per _init_db, apertura connessione SQLite",
    "details": null,
    "context": null
  },
  {
    "id": "f732a138-6c5f-4250-bcfc-09b4f85362b0",
    "timestamp": "2025-11-19T23:25:53.372284",
    "project": "PramaIA-Agents",
    "level": "debug",
    "module": "document-folder-monitor-agent",
    "message": "[EventBuffer] Connessione SQLite chiusa dopo _init_db",
    "details": null,
    "context": null
  },
  {
    "id": "1736b441-7e45-4a90-87e0-bceb477cad70",
    "timestamp": "2025-11-19T23:25:53.373516",
    "project": "PramaIA-Agents",
    "level": "info",
    "module": "document-folder-monitor-agent",
    "message": "Configurazione CORS con origins: http://localhost:3000,http://127.0.0.1:3000,http://localhost:5173,http://127.0.0.1:5173,http://localhost:8000,http://127.0.0.1:8000,https://localhost:3000,https://127.0.0.1:3000,https://localhost:5173,https://127.0.0.1:5173,https://localhost:8000,https://127.0.0.1:8000",
    "details": null,
    "context": null
  },
  {
    "id": "b8cd89ff-f05f-4e14-ac40-f630843ec289",
    "timestamp": "2025-11-19T23:25:53.382143",
    "project": "PramaIA-Agents",
    "level": "info",
    "module": "document-folder-monitor-agent",
    "message": "Avvio thread di registrazione",
    "details": null,
    "context": null
  },
  {
    "id": "27a0ea87-c41e-4de0-8aca-5952f565976d",
    "timestamp": "2025-11-19T23:25:53.383821",
    "project": "PramaIA-Agents",
    "level": "info",
    "module": "document-folder-monitor-agent",
    "message": "Tentativo 1 di registrazione al server: http://localhost:8000/api/document-monitor/clients/register",
    "details": null,
    "context": null
  },
  {
    "id": "436e3913-505d-4b7c-a3ab-950e9d5a5dab",
    "timestamp": "2025-11-19T23:25:53.387152",
    "project": "PramaIA-Agents",
    "level": "info",
    "module": "document-folder-monitor-agent",
    "message": "[MANUTENZIONE] Avvio pulizia database file_hashes...",
    "details": null,
    "context": null
  },
  {
    "id": "c6b4f05b-3e79-43ee-9d74-bfde1579df7f",
    "timestamp": "2025-11-19T23:25:53.387317",
    "project": "PramaIA-Agents",
    "level": "info",
    "module": "document-folder-monitor-agent",
    "message": "\ud83e\uddf9 Cleaner del database hash avviato",
    "details": null,
    "context": null
  },
  {
    "id": "7a216ac6-f6aa-43d4-95fe-571319ef99ee",
    "timestamp": "2025-11-19T23:25:53.388050",
    "project": "PramaIA-Agents",
    "level": "debug",
    "module": "document-folder-monitor-agent",
    "message": "Percorso database hash convertito ad assoluto: C:\\PramaIA\\PramaIA-Agents\\document-folder-monitor-agent\\data/file_hashes.db",
    "details": null,
    "context": null
  },
  {
    "id": "e819bcc2-9a96-45dc-bb29-9dad27e5ee3a",
    "timestamp": "2025-11-19T23:25:53.388447",
    "project": "PramaIA-Agents",
    "level": "debug",
    "module": "document-folder-monitor-agent",
    "message": "Inizializzazione FileHashTracker con database: C:\\PramaIA\\PramaIA-Agents\\document-folder-monitor-agent\\data/file_hashes.db",
    "details": null,
    "context": null
  },
  {
    "id": "c5123c6a-c02f-483c-ad8f-53db6eed2fab",
    "timestamp": "2025-11-19T23:25:53.388690",
    "project": "PramaIA-Agents",
    "level": "info",
    "module": "document-folder-monitor-agent",
    "message": "Document Folder Monitor Plugin avviato. FastAPI in ascolto.",
    "details": null,
    "context": null
  },
  {
    "id": "6b425999-99e6-4d09-b669-d252eb6ab959",
    "timestamp": "2025-11-19T23:25:53.389036",
    "project": "PramaIA-Agents",
    "level": "info",
    "module": "document-folder-monitor-agent",
    "message": "Avvio pulizia automatica degli eventi duplicati...",
    "details": null,
    "context": null
  },
  {
    "id": "87b982a2-7cdd-4884-b674-760d6436b25c",
    "timestamp": "2025-11-19T23:25:53.389607",
    "project": "PramaIA-Agents",
    "level": "info",
    "module": "document-folder-monitor-agent",
    "message": "[MANUTENZIONE] Pulizia database completata: rimossi 0 hash di file non pi\u00f9 esistenti",
    "details": null,
    "context": null
  },
  {
    "id": "4213c37b-c09a-4dae-99da-391ecaba7703",
    "timestamp": "2025-11-19T23:25:53.390061",
    "project": "PramaIA-Agents",
    "level": "info",
    "module": "document-folder-monitor-agent",
    "message": "Pulizia avanzata degli eventi duplicati...",
    "details": null,
    "context": null
  },
  {
    "id": "dea88fbe-1f75-4189-9bfb-c159f390064d",
    "timestamp": "2025-11-19T23:25:53.390350",
    "project": "PramaIA-Agents",
    "level": "info",
    "module": "document-folder-monitor-agent",
    "message": "Usando il metodo legacy di pulizia degli eventi duplicati...",
    "details": null,
    "context": null
  },
  {
    "id": "e414c5c9-3fd3-49e7-9778-a6b2985aa556",
    "timestamp": "2025-11-19T23:25:53.390512",
    "project": "PramaIA-Agents",
    "level": "debug",
    "module": "document-folder-monitor-agent",
    "message": "[event_maintenance] Tentativo acquisizione lock per _legacy_clean_duplicate_events",
    "details": null,
    "context": null
  },
  {
    "id": "b4a1ed7d-adf8-43a0-939c-7b6a1b65a90a",
    "timestamp": "2025-11-19T23:25:53.390631",
    "project": "PramaIA-Agents",
    "level": "debug",
    "module": "document-folder-monitor-agent",
    "message": "[event_maintenance] Lock acquisito per _legacy_clean_duplicate_events, apertura connessione SQLite",
    "details": null,
    "context": null
  },
  {
    "id": "6a2de2a0-580d-49bd-a0dc-9fc891d40a63",
    "timestamp": "2025-11-19T23:25:53.391253",
    "project": "PramaIA-Agents",
    "level": "debug",
    "module": "document-folder-monitor-agent",
    "message": "[event_maintenance] Connessione SQLite chiusa dopo _legacy_clean_duplicate_events",
    "details": null,
    "context": null
  },
  {
    "id": "c5bd9e8d-f9ae-40ce-87f8-dfaa8a03f83c",
    "timestamp": "2025-11-19T23:25:53.391479",
    "project": "PramaIA-Agents",
    "level": "info",
    "module": "document-folder-monitor-agent",
    "message": "Pulizia automatica completata: 0 eventi duplicati eliminati",
    "details": null,
    "context": null
  },
  {
    "id": "fcc8c682-e047-4d23-9665-da43b1abc663",
    "timestamp": "2025-11-19T23:25:53.391805",
    "project": "PramaIA-Agents",
    "level": "info",
    "module": "document-folder-monitor-agent",
    "message": "Avvio servizio di riconciliazione...",
    "details": null,
    "context": null
  },
  {
    "id": "cb7183d5-a2fd-4d60-8d7d-d3c321a120ba",
    "timestamp": "2025-11-19T23:25:53.392145",
    "project": "PramaIA-Agents",
    "level": "info",
    "module": "document-folder-monitor-agent",
    "message": "Starting reconciliation service with interval 3600s",
    "details": {
      "interval": 3600,
      "service": "reconciliation"
    },
    "context": null
  },
  {
    "id": "da0271c5-515c-46db-b7c1-2c06ec586ef9",
    "timestamp": "2025-11-19T23:25:53.392495",
    "project": "PramaIA-Agents",
    "level": "info",
    "module": "document-folder-monitor-agent",
    "message": "\u2705 Servizio di riconciliazione avviato con successo",
    "details": null,
    "context": null
  },
  {
    "id": "04e5b8ca-355f-42e9-abb3-24541d049831",
    "timestamp": "2025-11-19T23:25:53.392992",
    "project": "PramaIA-Agents",
    "level": "info",
    "module": "document-folder-monitor-agent",
    "message": "\u2705 Servizio recovery sync inizializzato",
    "details": null,
    "context": null
  },
  {
    "id": "6f006bd1-c7bd-458f-9951-d6d2c979908a",
    "timestamp": "2025-11-19T23:25:53.393375",
    "project": "PramaIA-Agents",
    "level": "info",
    "module": "document-folder-monitor-agent",
    "message": "No actively monitored folders found",
    "details": {
      "service": "reconciliation"
    },
    "context": null
  },
  {
    "id": "d5b4e53c-de99-4521-ad8c-951bedf39578",
    "timestamp": "2025-11-19T23:25:53.393942",
    "project": "PramaIA-Agents",
    "level": "info",
    "module": "document-folder-monitor-agent",
    "message": "Sincronizzazione periodica per 1 cartelle attivamente monitorate",
    "details": {
      "folder_count": 1,
      "service": "reconciliation"
    },
    "context": null
  },
  {
    "id": "711a80d7-74ee-4c79-a51c-ea6e81566bb1",
    "timestamp": "2025-11-19T23:25:53.394208",
    "project": "PramaIA-Agents",
    "level": "info",
    "module": "document-folder-monitor-agent",
    "message": "Avvio sincronizzazione periodica per cartella: D:\\TestPramaIA",
    "details": {
      "folder": "D:\\TestPramaIA",
      "service": "reconciliation"
    },
    "context": null
  },
  {
    "id": "78238427-735a-4c1c-bd92-721d523f5f02",
    "timestamp": "2025-11-19T23:25:53.394438",
    "project": "PramaIA-Agents",
    "level": "info",
    "module": "document-folder-monitor-agent",
    "message": "Starting reconciliation for folder: D:\\TestPramaIA",
    "details": {
      "folder": "D:\\TestPramaIA",
      "service": "reconciliation"
    },
    "context": null
  },
  {
    "id": "bd429dfb-b3d4-43e5-a138-d46980559454",
    "timestamp": "2025-11-19T23:25:53.394733",
    "project": "PramaIA-Agents",
    "level": "info",
    "module": "document-folder-monitor-agent",
    "message": "Scanning filesystem for folder: D:\\TestPramaIA",
    "details": {
      "folder": "D:\\TestPramaIA",
      "service": "reconciliation"
    },
    "context": null
  },
  {
    "id": "99866ea2-242e-4d46-b44e-24c511714e3b",
    "timestamp": "2025-11-19T23:25:53.396072",
    "project": "PramaIA-Agents",
    "level": "info",
    "module": "document-folder-monitor-agent",
    "message": "Filesystem scan completed. Found 3 files",
    "details": {
      "folder": "D:\\TestPramaIA",
      "file_count": 3,
      "service": "reconciliation"
    },
    "context": null
  },
  {
    "id": "e4cfde98-6d25-407d-8232-42d150c15c7d",
    "timestamp": "2025-11-19T23:25:53.396365",
    "project": "PramaIA-Agents",
    "level": "info",
    "module": "document-folder-monitor-agent",
    "message": "Getting vectorstore state for folder: D:\\TestPramaIA",
    "details": {
      "folder": "D:\\TestPramaIA",
      "service": "reconciliation"
    },
    "context": null
  },
  {
    "id": "9fcff82a-4783-4963-8671-099a0d14a077",
    "timestamp": "2025-11-19T23:25:55.439405",
    "project": "PramaIA-Agents",
    "level": "info",
    "module": "document-folder-monitor-agent",
    "message": "\u2705 Stato client inviato: online=True",
    "details": null,
    "context": null
  },
  {
    "id": "d2789370-ec50-40cf-aaf7-b499a6e90053",
    "timestamp": "2025-11-19T23:25:55.439845",
    "project": "PramaIA-Agents",
    "level": "info",
    "module": "document-folder-monitor-agent",
    "message": "\u2705 Registrazione riuscita al tentativo 1",
    "details": null,
    "context": null
  },
  {
    "id": "e1df32ad-facd-4630-9ccb-ed995b72d86f",
    "timestamp": "2025-11-19T23:25:55.440212",
    "project": "PramaIA-Agents",
    "level": "info",
    "module": "document-folder-monitor-agent",
    "message": "Avvio heartbeat periodico ogni 60 secondi",
    "details": null,
    "context": null
  },
  {
    "id": "2d1a6d74-4f73-45ec-b2d6-b0a335be9d2a",
    "timestamp": "2025-11-19T23:25:55.483793",
    "project": "PramaIA-Agents",
    "level": "error",
    "module": "document-folder-monitor-agent",
    "message": "Error getting vectorstore state: 404 - {\"detail\":\"Not Found\"}",
    "details": {
      "folder": "D:\\TestPramaIA",
      "status_code": 404,
      "response": "{\"detail\":\"Not Found\"}",
      "service": "reconciliation"
    },
    "context": null
  },
  {
    "id": "7cd490e8-65dc-4601-97c3-360aeeaa11df",
    "timestamp": "2025-11-19T23:25:55.484215",
    "project": "PramaIA-Agents",
    "level": "info",
    "module": "document-folder-monitor-agent",
    "message": "Calculating differences between filesystem and vectorstore",
    "details": {
      "folder": "D:\\TestPramaIA",
      "service": "reconciliation"
    },
    "context": null
  },
  {
    "id": "b8ac9c54-189b-430b-8696-c6b61c8db91e",
    "timestamp": "2025-11-19T23:25:55.484478",
    "project": "PramaIA-Agents",
    "level": "info",
    "module": "document-folder-monitor-agent",
    "message": "Diff summary: 3 new files, 0 deleted files, 0 modified files, 0 metadata changes",
    "details": {
      "folder": "D:\\TestPramaIA",
      "new_files": 3,
      "deleted_files": 0,
      "modified_files": 0,
      "metadata_changes": 0,
      "service": "reconciliation"
    },
    "context": null
  },
  {
    "id": "a7d2112b-ed60-46c9-b2a8-893b9d7b17e4",
    "timestamp": "2025-11-19T23:25:55.484820",
    "project": "PramaIA-Agents",
    "level": "info",
    "module": "document-folder-monitor-agent",
    "message": "Adding missing file to vectorstore: D:\\TestPramaIA\\test_document_20251119_164346.pdf",
    "details": {
      "file_path": "D:\\TestPramaIA\\test_document_20251119_164346.pdf",
      "service": "reconciliation"
    },
    "context": null
  },
  {
    "id": "1033d25a-b15f-4019-895a-5d7766a61ee9",
    "timestamp": "2025-11-19T23:25:55.485960",
    "project": "PramaIA-Agents",
    "level": "debug",
    "module": "document-folder-monitor-agent",
    "message": "[event_queries] Tentativo acquisizione lock per find_event_by_filename (test_document_20251119_164346.pdf)",
    "details": null,
    "context": null
  },
  {
    "id": "1142277c-daff-479a-b14c-681bb714905d",
    "timestamp": "2025-11-19T23:25:55.486067",
    "project": "PramaIA-Agents",
    "level": "debug",
    "module": "document-folder-monitor-agent",
    "message": "[event_queries] Lock acquisito per find_event_by_filename (test_document_20251119_164346.pdf), apertura connessione SQLite",
    "details": null,
    "context": null
  },
  {
    "id": "2c15e9e6-b139-449a-89b7-6c4291a40743",
    "timestamp": "2025-11-19T23:25:55.486993",
    "project": "PramaIA-Agents",
    "level": "debug",
    "module": "document-folder-monitor-agent",
    "message": "[event_queries] Connessione SQLite chiusa dopo find_event_by_filename (test_document_20251119_164346.pdf)",
    "details": null,
    "context": null
  },
  {
    "id": "d8e08a4f-28a6-4846-9980-f28a889cd7e3",
    "timestamp": "2025-11-19T23:25:55.487140",
    "project": "PramaIA-Agents",
    "level": "debug",
    "module": "document-folder-monitor-agent",
    "message": "Aggiornamento stato evento 59 a 'processing', document_id: None",
    "details": null,
    "context": null
  },
  {
    "id": "db0182c8-5b8c-49b5-9454-8e82c884e115",
    "timestamp": "2025-11-19T23:25:55.487262",
    "project": "PramaIA-Agents",
    "level": "debug",
    "module": "document-folder-monitor-agent",
    "message": "[event_queries] Tentativo acquisizione lock per update_event_status",
    "details": null,
    "context": null
  },
  {
    "id": "1111d1c1-947f-4f57-ab01-822efdc2d277",
    "timestamp": "2025-11-19T23:25:55.487376",
    "project": "PramaIA-Agents",
    "level": "debug",
    "module": "document-folder-monitor-agent",
    "message": "[event_queries] Lock acquisito per update_event_status, apertura connessione SQLite",
    "details": null,
    "context": null
  },
  {
    "id": "40a57e18-fbaa-4846-9f0b-7a296eec6d48",
    "timestamp": "2025-11-19T23:25:55.487900",
    "project": "PramaIA-Agents",
    "level": "debug",
    "module": "document-folder-monitor-agent",
    "message": "Stato attuale evento 59: 'failed', document_id attuale: None",
    "details": null,
    "context": null
  },
  {
    "id": "86d103ee-f01c-4064-8a25-a7e7621f6ddb",
    "timestamp": "2025-11-19T23:25:55.487997",
    "project": "PramaIA-Agents",
    "level": "debug",
    "module": "document-folder-monitor-agent",
    "message": "Query SQL: UPDATE events SET status = ? WHERE id = ? con parametri ['processing', 59]",
    "details": null,
    "context": null
  },
  {
    "id": "fdd7c49f-761c-4e89-ae5e-2aff8b880b71",
    "timestamp": "2025-11-19T23:25:55.493360",
    "project": "PramaIA-Agents",
    "level": "debug",
    "module": "document-folder-monitor-agent",
    "message": "Aggiornamento stato evento 59 completato: True",
    "details": null,
    "context": null
  },
  {
    "id": "d5f67bcd-cab4-4e26-8769-4a37e28f3143",
    "timestamp": "2025-11-19T23:25:55.493522",
    "project": "PramaIA-Agents",
    "level": "debug",
    "module": "document-folder-monitor-agent",
    "message": "[event_queries] Connessione SQLite chiusa dopo update_event_status",
    "details": null,
    "context": null
  },
  {
    "id": "990bdc83-d32a-46c5-8ffe-1ae50f0e035a",
    "timestamp": "2025-11-19T23:25:55.494028",
    "project": "PramaIA-Agents",
    "level": "debug",
    "module": "document-folder-monitor-agent",
    "message": "Percorso database hash convertito ad assoluto: C:\\PramaIA\\PramaIA-Agents\\document-folder-monitor-agent\\data/file_hashes.db",
    "details": null,
    "context": null
  },
  {
    "id": "0fbfab25-93cc-4862-95fa-d0741ad46510",
    "timestamp": "2025-11-19T23:25:55.494191",
    "project": "PramaIA-Agents",
    "level": "debug",
    "module": "document-folder-monitor-agent",
    "message": "Inizializzazione FileHashTracker con database: C:\\PramaIA\\PramaIA-Agents\\document-folder-monitor-agent\\data/file_hashes.db",
    "details": null,
    "context": null
  },
  {
    "id": "1011cd36-23d4-4398-a6d3-9db178ca5c48",
    "timestamp": "2025-11-19T23:25:55.495571",
    "project": "PramaIA-Agents",
    "level": "info",
    "module": "document-folder-monitor-agent",
    "message": "\ud83d\udce4 Invio richiesta al backend per 'test_document_20251119_164346.pdf'",
    "details": {
      "operation": "backend_request",
      "request_type": "upload",
      "file_name": "test_document_20251119_164346.pdf",
      "file_path": "D:\\TestPramaIA\\test_document_20251119_164346.pdf",
      "payload": "{'action': 'reconciliation_add', 'full_path': 'D:\\\\TestPramaIA\\\\test_document_20251119_164346.pdf', 'relative_path': 'test_document_20251119_164346.pdf', 'filter_action': 'process_full', 'extract_metadata': 'true', 'filter_name': 'unknown', 'should_process_content': True}"
    },
    "context": null
  },
  {
    "id": "d75b7d9c-6bbe-4d3c-acd8-18a139224db7",
    "timestamp": "2025-11-19T23:25:57.550829",
    "project": "PramaIA-Agents",
    "level": "error",
    "module": "document-folder-monitor-agent",
    "message": "\u274c Risposta dal backend (404) per 'test_document_20251119_164346.pdf'",
    "details": {
      "operation": "backend_response",
      "request_type": "upload",
      "file_name": "test_document_20251119_164346.pdf",
      "file_path": "D:\\TestPramaIA\\test_document_20251119_164346.pdf",
      "status_code": 404,
      "response_data": "{'detail': 'Not Found'}",
      "success": false
    },
    "context": null
  },
  {
    "id": "c2562cb6-d6f7-4f08-8797-8918147606fd",
    "timestamp": "2025-11-19T23:25:57.550963",
    "project": "PramaIA-Agents",
    "level": "error",
    "module": "document-folder-monitor-agent",
    "message": "\u274c Errore invio file 'test_document_20251119_164346.pdf': 404",
    "details": {
      "file_name": "test_document_20251119_164346.pdf",
      "action": "reconciliation_add",
      "status_code": 404,
      "response_text": "{\"detail\":\"Not Found\"}"
    },
    "context": null
  },
  {
    "id": "4da211bb-ecfa-426e-9caa-170ba5bfb70e",
    "timestamp": "2025-11-19T23:25:57.551067",
    "project": "PramaIA-Agents",
    "level": "debug",
    "module": "document-folder-monitor-agent",
    "message": "Aggiornamento stato evento 59 a 'failed', document_id: None",
    "details": null,
    "context": null
  },
  {
    "id": "07610b95-d878-4f6d-ac88-5d4a77f01663",
    "timestamp": "2025-11-19T23:25:57.551152",
    "project": "PramaIA-Agents",
    "level": "debug",
    "module": "document-folder-monitor-agent",
    "message": "[event_queries] Tentativo acquisizione lock per update_event_status",
    "details": null,
    "context": null
  },
  {
    "id": "2fafc51a-ec5a-43d4-b423-3034a49b5323",
    "timestamp": "2025-11-19T23:25:57.551236",
    "project": "PramaIA-Agents",
    "level": "debug",
    "module": "document-folder-monitor-agent",
    "message": "[event_queries] Lock acquisito per update_event_status, apertura connessione SQLite",
    "details": null,
    "context": null
  },
  {
    "id": "e355f43e-34df-48ef-963e-033cced4a3c1",
    "timestamp": "2025-11-19T23:25:57.551895",
    "project": "PramaIA-Agents",
    "level": "debug",
    "module": "document-folder-monitor-agent",
    "message": "Stato attuale evento 59: 'processing', document_id attuale: None",
    "details": null,
    "context": null
  },
  {
    "id": "2c6ca559-f528-4315-b8e4-a26c2833c635",
    "timestamp": "2025-11-19T23:25:57.552035",
    "project": "PramaIA-Agents",
    "level": "debug",
    "module": "document-folder-monitor-agent",
    "message": "Query SQL: UPDATE events SET status = ? WHERE id = ? con parametri ['failed', 59]",
    "details": null,
    "context": null
  },
  {
    "id": "57c3e737-494b-4306-9e79-a41ec5a85586",
    "timestamp": "2025-11-19T23:25:57.557040",
    "project": "PramaIA-Agents",
    "level": "debug",
    "module": "document-folder-monitor-agent",
    "message": "Aggiornamento stato evento 59 completato: True",
    "details": null,
    "context": null
  },
  {
    "id": "78f13c1b-b5ca-4465-9a3e-b090edea264e",
    "timestamp": "2025-11-19T23:25:57.557179",
    "project": "PramaIA-Agents",
    "level": "debug",
    "module": "document-folder-monitor-agent",
    "message": "[event_queries] Connessione SQLite chiusa dopo update_event_status",
    "details": null,
    "context": null
  },
  {
    "id": "60125e34-b4dd-47d1-9b62-b965a17e7133",
    "timestamp": "2025-11-19T23:25:57.557904",
    "project": "PramaIA-Agents",
    "level": "info",
    "module": "document-folder-monitor-agent",
    "message": "Adding missing file to vectorstore: D:\\TestPramaIA\\test_document_20251119.pdf",
    "details": {
      "file_path": "D:\\TestPramaIA\\test_document_20251119.pdf",
      "service": "reconciliation"
    },
    "context": null
  },
  {
    "id": "95a36262-0d78-4b1a-a6ed-aeabffac2fe1",
    "timestamp": "2025-11-19T23:25:57.558480",
    "project": "PramaIA-Agents",
    "level": "debug",
    "module": "document-folder-monitor-agent",
    "message": "[event_queries] Tentativo acquisizione lock per find_event_by_filename (test_document_20251119.pdf)",
    "details": null,
    "context": null
  },
  {
    "id": "dc65f1cd-85fe-4006-b696-0606a5c6400b",
    "timestamp": "2025-11-19T23:25:57.558593",
    "project": "PramaIA-Agents",
    "level": "debug",
    "module": "document-folder-monitor-agent",
    "message": "[event_queries] Lock acquisito per find_event_by_filename (test_document_20251119.pdf), apertura connessione SQLite",
    "details": null,
    "context": null
  },
  {
    "id": "f0b678da-9348-4b7d-a50f-d83aa4582554",
    "timestamp": "2025-11-19T23:25:57.559361",
    "project": "PramaIA-Agents",
    "level": "debug",
    "module": "document-folder-monitor-agent",
    "message": "[event_queries] Connessione SQLite chiusa dopo find_event_by_filename (test_document_20251119.pdf)",
    "details": null,
    "context": null
  },
  {
    "id": "a9d16911-f5dc-4283-87f6-b954c7e199eb",
    "timestamp": "2025-11-19T23:25:57.559515",
    "project": "PramaIA-Agents",
    "level": "debug",
    "module": "document-folder-monitor-agent",
    "message": "Aggiornamento stato evento 58 a 'processing', document_id: None",
    "details": null,
    "context": null
  },
  {
    "id": "423dbdc0-37b5-4190-ad7f-a08bbe6613cb",
    "timestamp": "2025-11-19T23:25:57.559644",
    "project": "PramaIA-Agents",
    "level": "debug",
    "module": "document-folder-monitor-agent",
    "message": "[event_queries] Tentativo acquisizione lock per update_event_status",
    "details": null,
    "context": null
  },
  {
    "id": "96e9c66f-30eb-4c8d-8380-7d2471ebd345",
    "timestamp": "2025-11-19T23:25:57.559761",
    "project": "PramaIA-Agents",
    "level": "debug",
    "module": "document-folder-monitor-agent",
    "message": "[event_queries] Lock acquisito per update_event_status, apertura connessione SQLite",
    "details": null,
    "context": null
  },
  {
    "id": "3f666d5f-8be8-43fe-81b3-6d5530844749",
    "timestamp": "2025-11-19T23:25:57.560292",
    "project": "PramaIA-Agents",
    "level": "debug",
    "module": "document-folder-monitor-agent",
    "message": "Stato attuale evento 58: 'failed', document_id attuale: None",
    "details": null,
    "context": null
  },
  {
    "id": "75e799b4-7f5c-4bcb-bd18-396dee2ee1bc",
    "timestamp": "2025-11-19T23:25:57.560395",
    "project": "PramaIA-Agents",
    "level": "debug",
    "module": "document-folder-monitor-agent",
    "message": "Query SQL: UPDATE events SET status = ? WHERE id = ? con parametri ['processing', 58]",
    "details": null,
    "context": null
  },
  {
    "id": "98ca4fca-e3dc-40df-8693-fb934a2f53e3",
    "timestamp": "2025-11-19T23:25:57.563477",
    "project": "PramaIA-Agents",
    "level": "debug",
    "module": "document-folder-monitor-agent",
    "message": "Aggiornamento stato evento 58 completato: True",
    "details": null,
    "context": null
  },
  {
    "id": "6eaf5165-b5de-4e5a-8046-bdbc128cabcc",
    "timestamp": "2025-11-19T23:25:57.563620",
    "project": "PramaIA-Agents",
    "level": "debug",
    "module": "document-folder-monitor-agent",
    "message": "[event_queries] Connessione SQLite chiusa dopo update_event_status",
    "details": null,
    "context": null
  },
  {
    "id": "77943e19-7491-46ee-a770-278cf8c060f2",
    "timestamp": "2025-11-19T23:25:57.564156",
    "project": "PramaIA-Agents",
    "level": "debug",
    "module": "document-folder-monitor-agent",
    "message": "Percorso database hash convertito ad assoluto: C:\\PramaIA\\PramaIA-Agents\\document-folder-monitor-agent\\data/file_hashes.db",
    "details": null,
    "context": null
  },
  {
    "id": "0347d85f-22cf-43c3-9e98-68740bb2ee7c",
    "timestamp": "2025-11-19T23:25:57.564277",
    "project": "PramaIA-Agents",
    "level": "debug",
    "module": "document-folder-monitor-agent",
    "message": "Inizializzazione FileHashTracker con database: C:\\PramaIA\\PramaIA-Agents\\document-folder-monitor-agent\\data/file_hashes.db",
    "details": null,
    "context": null
  },
  {
    "id": "3aa787f2-c0a4-4953-a976-4ce156d03577",
    "timestamp": "2025-11-19T23:25:57.565513",
    "project": "PramaIA-Agents",
    "level": "info",
    "module": "document-folder-monitor-agent",
    "message": "\ud83d\udce4 Invio richiesta al backend per 'test_document_20251119.pdf'",
    "details": {
      "operation": "backend_request",
      "request_type": "upload",
      "file_name": "test_document_20251119.pdf",
      "file_path": "D:\\TestPramaIA\\test_document_20251119.pdf",
      "payload": "{'action': 'reconciliation_add', 'full_path': 'D:\\\\TestPramaIA\\\\test_document_20251119.pdf', 'relative_path': 'test_document_20251119.pdf', 'filter_action': 'process_full', 'extract_metadata': 'true', 'filter_name': 'unknown', 'should_process_content': True}"
    },
    "context": null
  },
  {
    "id": "75236585-93fc-46d6-a064-23358dc4c6c3",
    "timestamp": "2025-11-19T23:25:59.638910",
    "project": "PramaIA-Agents",
    "level": "error",
    "module": "document-folder-monitor-agent",
    "message": "\u274c Risposta dal backend (404) per 'test_document_20251119.pdf'",
    "details": {
      "operation": "backend_response",
      "request_type": "upload",
      "file_name": "test_document_20251119.pdf",
      "file_path": "D:\\TestPramaIA\\test_document_20251119.pdf",
      "status_code": 404,
      "response_data": "{'detail': 'Not Found'}",
      "success": false
    },
    "context": null
  },
  {
    "id": "457717b1-1011-49bf-9f62-7a234db43bc0",
    "timestamp": "2025-11-19T23:25:59.639099",
    "project": "PramaIA-Agents",
    "level": "error",
    "module": "document-folder-monitor-agent",
    "message": "\u274c Errore invio file 'test_document_20251119.pdf': 404",
    "details": {
      "file_name": "test_document_20251119.pdf",
      "action": "reconciliation_add",
      "status_code": 404,
      "response_text": "{\"detail\":\"Not Found\"}"
    },
    "context": null
  },
  {
    "id": "8e6d3df1-291b-4905-85ba-d22719ab3612",
    "timestamp": "2025-11-19T23:25:59.639233",
    "project": "PramaIA-Agents",
    "level": "debug",
    "module": "document-folder-monitor-agent",
    "message": "Aggiornamento stato evento 58 a 'failed', document_id: None",
    "details": null,
    "context": null
  },
  {
    "id": "824891b5-5222-456b-87b2-6dec2e57ea63",
    "timestamp": "2025-11-19T23:25:59.639334",
    "project": "PramaIA-Agents",
    "level": "debug",
    "module": "document-folder-monitor-agent",
    "message": "[event_queries] Tentativo acquisizione lock per update_event_status",
    "details": null,
    "context": null
  },
  {
    "id": "00e24b48-f893-45d1-a19e-055c8566865e",
    "timestamp": "2025-11-19T23:25:59.639445",
    "project": "PramaIA-Agents",
    "level": "debug",
    "module": "document-folder-monitor-agent",
    "message": "[event_queries] Lock acquisito per update_event_status, apertura connessione SQLite",
    "details": null,
    "context": null
  },
  {
    "id": "25cf368f-eb1e-45fd-86dd-bea751810ee5",
    "timestamp": "2025-11-19T23:25:59.640067",
    "project": "PramaIA-Agents",
    "level": "debug",
    "module": "document-folder-monitor-agent",
    "message": "Stato attuale evento 58: 'processing', document_id attuale: None",
    "details": null,
    "context": null
  },
  {
    "id": "5ee048b5-90a5-4170-83de-ded60cf65939",
    "timestamp": "2025-11-19T23:25:59.640235",
    "project": "PramaIA-Agents",
    "level": "debug",
    "module": "document-folder-monitor-agent",
    "message": "Query SQL: UPDATE events SET status = ? WHERE id = ? con parametri ['failed', 58]",
    "details": null,
    "context": null
  },
  {
    "id": "2e280d40-7f39-4eac-a121-5c68e2b1f20b",
    "timestamp": "2025-11-19T23:25:59.643770",
    "project": "PramaIA-Agents",
    "level": "debug",
    "module": "document-folder-monitor-agent",
    "message": "Aggiornamento stato evento 58 completato: True",
    "details": null,
    "context": null
  },
  {
    "id": "c55fcf0a-b694-4cc6-a0d5-48d5701c7c8d",
    "timestamp": "2025-11-19T23:25:59.643975",
    "project": "PramaIA-Agents",
    "level": "debug",
    "module": "document-folder-monitor-agent",
    "message": "[event_queries] Connessione SQLite chiusa dopo update_event_status",
    "details": null,
    "context": null
  },
  {
    "id": "b35b75e4-2385-487f-a9b4-d04949f0518f",
    "timestamp": "2025-11-19T23:25:59.644706",
    "project": "PramaIA-Agents",
    "level": "info",
    "module": "document-folder-monitor-agent",
    "message": "Adding missing file to vectorstore: D:\\TestPramaIA\\test_pipeline_20251119_185403.pdf",
    "details": {
      "file_path": "D:\\TestPramaIA\\test_pipeline_20251119_185403.pdf",
      "service": "reconciliation"
    },
    "context": null
  },
  {
    "id": "5ad8b23c-0986-4113-862d-31bac9354e49",
    "timestamp": "2025-11-19T23:25:59.645273",
    "project": "PramaIA-Agents",
    "level": "debug",
    "module": "document-folder-monitor-agent",
    "message": "[event_queries] Tentativo acquisizione lock per find_event_by_filename (test_pipeline_20251119_185403.pdf)",
    "details": null,
    "context": null
  },
  {
    "id": "ceb1dbe2-e355-4926-b301-bc9eef60bb7e",
    "timestamp": "2025-11-19T23:25:59.645520",
    "project": "PramaIA-Agents",
    "level": "debug",
    "module": "document-folder-monitor-agent",
    "message": "[event_queries] Lock acquisito per find_event_by_filename (test_pipeline_20251119_185403.pdf), apertura connessione SQLite",
    "details": null,
    "context": null
  },
  {
    "id": "a58dca9d-16eb-4ff1-8426-bbd6e5fcae93",
    "timestamp": "2025-11-19T23:25:59.646307",
    "project": "PramaIA-Agents",
    "level": "debug",
    "module": "document-folder-monitor-agent",
    "message": "[event_queries] Connessione SQLite chiusa dopo find_event_by_filename (test_pipeline_20251119_185403.pdf)",
    "details": null,
    "context": null
  },
  {
    "id": "51385192-d37e-406c-b955-82bc25f07bb0",
    "timestamp": "2025-11-19T23:25:59.646452",
    "project": "PramaIA-Agents",
    "level": "debug",
    "module": "document-folder-monitor-agent",
    "message": "Aggiornamento stato evento 60 a 'processing', document_id: None",
    "details": null,
    "context": null
  },
  {
    "id": "079e071b-f5e2-40fe-9087-0366e4f2317a",
    "timestamp": "2025-11-19T23:25:59.646557",
    "project": "PramaIA-Agents",
    "level": "debug",
    "module": "document-folder-monitor-agent",
    "message": "[event_queries] Tentativo acquisizione lock per update_event_status",
    "details": null,
    "context": null
  },
  {
    "id": "e36e45dd-0854-4925-82bb-e0f9938fb5ce",
    "timestamp": "2025-11-19T23:25:59.646646",
    "project": "PramaIA-Agents",
    "level": "debug",
    "module": "document-folder-monitor-agent",
    "message": "[event_queries] Lock acquisito per update_event_status, apertura connessione SQLite",
    "details": null,
    "context": null
  },
  {
    "id": "75656ad4-f1f3-4efe-90b1-0458856cf733",
    "timestamp": "2025-11-19T23:25:59.647106",
    "project": "PramaIA-Agents",
    "level": "debug",
    "module": "document-folder-monitor-agent",
    "message": "Stato attuale evento 60: 'failed', document_id attuale: None",
    "details": null,
    "context": null
  },
  {
    "id": "2ac9db1e-5f6c-45dc-afcb-fe7fe4f1ade9",
    "timestamp": "2025-11-19T23:25:59.647202",
    "project": "PramaIA-Agents",
    "level": "debug",
    "module": "document-folder-monitor-agent",
    "message": "Query SQL: UPDATE events SET status = ? WHERE id = ? con parametri ['processing', 60]",
    "details": null,
    "context": null
  },
  {
    "id": "0ac9474a-631e-4a90-8f2f-f55780459883",
    "timestamp": "2025-11-19T23:25:59.650521",
    "project": "PramaIA-Agents",
    "level": "debug",
    "module": "document-folder-monitor-agent",
    "message": "Aggiornamento stato evento 60 completato: True",
    "details": null,
    "context": null
  },
  {
    "id": "a532c3c4-fd1d-480a-9b45-e232b2c82c99",
    "timestamp": "2025-11-19T23:25:59.650670",
    "project": "PramaIA-Agents",
    "level": "debug",
    "module": "document-folder-monitor-agent",
    "message": "[event_queries] Connessione SQLite chiusa dopo update_event_status",
    "details": null,
    "context": null
  },
  {
    "id": "6a735158-0183-4a0a-b1b0-3ca8d7564277",
    "timestamp": "2025-11-19T23:25:59.651169",
    "project": "PramaIA-Agents",
    "level": "debug",
    "module": "document-folder-monitor-agent",
    "message": "Percorso database hash convertito ad assoluto: C:\\PramaIA\\PramaIA-Agents\\document-folder-monitor-agent\\data/file_hashes.db",
    "details": null,
    "context": null
  },
  {
    "id": "a46f4cff-5016-42ee-b9de-e1d9fd8d8ece",
    "timestamp": "2025-11-19T23:25:59.651288",
    "project": "PramaIA-Agents",
    "level": "debug",
    "module": "document-folder-monitor-agent",
    "message": "Inizializzazione FileHashTracker con database: C:\\PramaIA\\PramaIA-Agents\\document-folder-monitor-agent\\data/file_hashes.db",
    "details": null,
    "context": null
  },
  {
    "id": "cd4c2f7f-1c40-483e-bd34-e4d7f31e2d9c",
    "timestamp": "2025-11-19T23:25:59.652444",
    "project": "PramaIA-Agents",
    "level": "info",
    "module": "document-folder-monitor-agent",
    "message": "\ud83d\udce4 Invio richiesta al backend per 'test_pipeline_20251119_185403.pdf'",
    "details": {
      "operation": "backend_request",
      "request_type": "upload",
      "file_name": "test_pipeline_20251119_185403.pdf",
      "file_path": "D:\\TestPramaIA\\test_pipeline_20251119_185403.pdf",
      "payload": "{'action': 'reconciliation_add', 'full_path': 'D:\\\\TestPramaIA\\\\test_pipeline_20251119_185403.pdf', 'relative_path': 'test_pipeline_20251119_185403.pdf', 'filter_action': 'process_full', 'extract_metadata': 'true', 'filter_name': 'unknown', 'should_process_content': True}"
    },
    "context": null
  },
  {
    "id": "5f2623fc-8abb-442e-9745-d041ad68841c",
    "timestamp": "2025-11-19T23:26:01.712076",
    "project": "PramaIA-Agents",
    "level": "error",
    "module": "document-folder-monitor-agent",
    "message": "\u274c Risposta dal backend (404) per 'test_pipeline_20251119_185403.pdf'",
    "details": {
      "operation": "backend_response",
      "request_type": "upload",
      "file_name": "test_pipeline_20251119_185403.pdf",
      "file_path": "D:\\TestPramaIA\\test_pipeline_20251119_185403.pdf",
      "status_code": 404,
      "response_data": "{'detail': 'Not Found'}",
      "success": false
    },
    "context": null
  },
  {
    "id": "460139a2-0eef-4642-851a-87c56c53685e",
    "timestamp": "2025-11-19T23:26:01.712330",
    "project": "PramaIA-Agents",
    "level": "error",
    "module": "document-folder-monitor-agent",
    "message": "\u274c Errore invio file 'test_pipeline_20251119_185403.pdf': 404",
    "details": {
      "file_name": "test_pipeline_20251119_185403.pdf",
      "action": "reconciliation_add",
      "status_code": 404,
      "response_text": "{\"detail\":\"Not Found\"}"
    },
    "context": null
  },
  {
    "id": "05fa9ac7-1eea-4e3b-b62c-bff709ae5f62",
    "timestamp": "2025-11-19T23:26:01.712573",
    "project": "PramaIA-Agents",
    "level": "debug",
    "module": "document-folder-monitor-agent",
    "message": "Aggiornamento stato evento 60 a 'failed', document_id: None",
    "details": null,
    "context": null
  },
  {
    "id": "bc294848-afaa-45c0-83ae-4a77e466e220",
    "timestamp": "2025-11-19T23:26:01.712804",
    "project": "PramaIA-Agents",
    "level": "debug",
    "module": "document-folder-monitor-agent",
    "message": "[event_queries] Tentativo acquisizione lock per update_event_status",
    "details": null,
    "context": null
  },
  {
    "id": "baca14ae-fc89-4b59-baf9-f1f4229b986e",
    "timestamp": "2025-11-19T23:26:01.713030",
    "project": "PramaIA-Agents",
    "level": "debug",
    "module": "document-folder-monitor-agent",
    "message": "[event_queries] Lock acquisito per update_event_status, apertura connessione SQLite",
    "details": null,
    "context": null
  },
  {
    "id": "6f72191f-dac9-42d6-a1cb-08bc0136c5f2",
    "timestamp": "2025-11-19T23:26:01.714172",
    "project": "PramaIA-Agents",
    "level": "debug",
    "module": "document-folder-monitor-agent",
    "message": "Stato attuale evento 60: 'processing', document_id attuale: None",
    "details": null,
    "context": null
  },
  {
    "id": "906f89c6-3444-456c-812b-bb4e12826304",
    "timestamp": "2025-11-19T23:26:01.714400",
    "project": "PramaIA-Agents",
    "level": "debug",
    "module": "document-folder-monitor-agent",
    "message": "Query SQL: UPDATE events SET status = ? WHERE id = ? con parametri ['failed', 60]",
    "details": null,
    "context": null
  },
  {
    "id": "9716d740-f1a6-46e3-8ac5-ac81fd98e1bf",
    "timestamp": "2025-11-19T23:26:01.718952",
    "project": "PramaIA-Agents",
    "level": "debug",
    "module": "document-folder-monitor-agent",
    "message": "Aggiornamento stato evento 60 completato: True",
    "details": null,
    "context": null
  },
  {
    "id": "d19d70cf-31f5-41e9-990c-d43cfb9a2b23",
    "timestamp": "2025-11-19T23:26:01.719171",
    "project": "PramaIA-Agents",
    "level": "debug",
    "module": "document-folder-monitor-agent",
    "message": "[event_queries] Connessione SQLite chiusa dopo update_event_status",
    "details": null,
    "context": null
  },
  {
    "id": "a472f104-f171-4ef6-b520-3ab15c3bc350",
    "timestamp": "2025-11-19T23:26:01.731396",
    "project": "PramaIA-Agents",
    "level": "info",
    "module": "document-folder-monitor-agent",
    "message": "Reconciliation completed successfully for D:\\TestPramaIA. Duration: 8.34s. Changes: 3",
    "details": {
      "folder": "D:\\TestPramaIA",
      "duration": 8.34,
      "changes": 3,
      "service": "reconciliation"
    },
    "context": null
  },
  {
    "id": "b855f8eb-8c3f-48d6-a465-f894c7550524",
    "timestamp": "2025-11-19T23:26:03.388987",
    "project": "PramaIA-Agents",
    "level": "info",
    "module": "document-folder-monitor-agent",
    "message": "Avvio monitoraggio cartelle autostart...",
    "details": null,
    "context": null
  },
  {
    "id": "6036f348-4b12-4a39-b715-c74415ce6140",
    "timestamp": "2025-11-19T23:26:03.389337",
    "project": "PramaIA-Agents",
    "level": "info",
    "module": "document-folder-monitor-agent",
    "message": "Avvio monitoraggio cartelle autostart: ['D:\\\\TestPramaIA']",
    "details": {
      "folders": [
        "D:\\TestPramaIA"
      ],
      "action": "start_autostart"
    },
    "context": null
  },
  {
    "id": "55d953f4-d78b-4884-9d5f-f624437a17fc",
    "timestamp": "2025-11-19T23:26:03.389729",
    "project": "PramaIA-Agents",
    "level": "info",
    "module": "document-folder-monitor-agent",
    "message": "Avvio monitoraggio su: D:\\TestPramaIA",
    "details": {
      "folder": "D:\\TestPramaIA",
      "action": "start_monitoring"
    },
    "context": null
  },
  {
    "id": "9f57e342-1a52-4136-a2fc-320c9003d1f7",
    "timestamp": "2025-11-19T23:26:03.390189",
    "project": "PramaIA-Agents",
    "level": "info",
    "module": "document-folder-monitor-agent",
    "message": "File esistente aggiunto all'indice: test_document_20251119.pdf",
    "details": {
      "file_name": "test_document_20251119.pdf",
      "folder": "D:\\TestPramaIA",
      "action": "add_existing_file"
    },
    "context": null
  },
  {
    "id": "518d3fda-6aa8-46b9-9b35-1f9442204f7c",
    "timestamp": "2025-11-19T23:26:03.390689",
    "project": "PramaIA-Agents",
    "level": "info",
    "module": "document-folder-monitor-agent",
    "message": "File esistente aggiunto all'indice: test_document_20251119_164346.pdf",
    "details": {
      "file_name": "test_document_20251119_164346.pdf",
      "folder": "D:\\TestPramaIA",
      "action": "add_existing_file"
    },
    "context": null
  },
  {
    "id": "b8f0ca88-a21e-46e0-9ef4-0b88c276c06f",
    "timestamp": "2025-11-19T23:26:03.390987",
    "project": "PramaIA-Agents",
    "level": "info",
    "module": "document-folder-monitor-agent",
    "message": "File esistente aggiunto all'indice: test_pipeline_20251119_185403.pdf",
    "details": {
      "file_name": "test_pipeline_20251119_185403.pdf",
      "folder": "D:\\TestPramaIA",
      "action": "add_existing_file"
    },
    "context": null
  },
  {
    "id": "21c556e8-2d39-4f11-ac64-f801cbddedbd",
    "timestamp": "2025-11-19T23:26:03.391400",
    "project": "PramaIA-Agents",
    "level": "info",
    "module": "document-folder-monitor-agent",
    "message": "Scansione iniziale completata: 3 file trovati",
    "details": {
      "folder": "D:\\TestPramaIA",
      "file_count": 3,
      "action": "initial_scan"
    },
    "context": null
  },
  {
    "id": "533769bb-e735-414a-8f46-0585445dd697",
    "timestamp": "2025-11-19T23:26:03.392164",
    "project": "PramaIA-Agents",
    "level": "warning",
    "module": "document-folder-monitor-agent",
    "message": "Errore nell'avvio standard dell'observer: 'handle' must be a _ThreadHandle. Tentativo workaround Python 3.13...",
    "details": {
      "folder": "D:\\TestPramaIA",
      "error": "'handle' must be a _ThreadHandle"
    },
    "context": null
  },
  {
    "id": "981948e8-9fa7-4da5-b5fb-6d38741a92cf",
    "timestamp": "2025-11-19T23:26:03.392479",
    "project": "PramaIA-Agents",
    "level": "info",
    "module": "document-folder-monitor-agent",
    "message": "Observer avviato con workaround per D:\\TestPramaIA",
    "details": null,
    "context": null
  },
  {
    "id": "ac76a68b-8e2d-4420-833d-c9382c4d42b4",
    "timestamp": "2025-11-19T23:26:03.392808",
    "project": "PramaIA-Agents",
    "level": "info",
    "module": "document-folder-monitor-agent",
    "message": "Monitoraggio avviato.",
    "details": {
      "folder": "D:\\TestPramaIA",
      "action": "monitoring_started"
    },
    "context": null
  },
  {
    "id": "16ffe59a-38c5-4b67-b473-9e6459db189b",
    "timestamp": "2025-11-19T23:26:03.393124",
    "project": "PramaIA-Agents",
    "level": "info",
    "module": "document-folder-monitor-agent",
    "message": "\u2139\ufe0f Nessuna cartella autostart configurata",
    "details": null,
    "context": null
  }
]