{
  "id": "email-monitor-event-source",
  "name": "email-monitor-event-source",
  "version": "1.0.0",
  "description": "Event source per monitoraggio email IMAP/POP3 - supporta filtri, allegati e processing automatico",
  "type": "event-source",
  "lifecycle": "persistent",
  "entryPoint": "src/event_source.py",
  "eventTypes": [
    {
      "id": "email_received",
      "name": "Email Received",
      "description": "Triggered when a new email matching filters is received",
      "outputs": [
        {
          "name": "email_id",
          "type": "string",
          "description": "Unique email ID from the mail server"
        },
        {
          "name": "message_id",
          "type": "string",
          "description": "Email Message-ID header"
        },
        {
          "name": "subject",
          "type": "string",
          "description": "Email subject line"
        },
        {
          "name": "sender",
          "type": "object",
          "description": "Sender information (name, email)"
        },
        {
          "name": "recipients",
          "type": "array",
          "description": "List of recipients (to, cc, bcc)"
        },
        {
          "name": "body_text",
          "type": "string",
          "description": "Plain text body of the email"
        },
        {
          "name": "body_html",
          "type": "string",
          "description": "HTML body of the email (if available)"
        },
        {
          "name": "attachments",
          "type": "array",
          "description": "List of email attachments with metadata"
        },
        {
          "name": "headers",
          "type": "object",
          "description": "Important email headers"
        },
        {
          "name": "received_at",
          "type": "string",
          "description": "ISO timestamp when email was received by server"
        },
        {
          "name": "processed_at",
          "type": "string",
          "description": "ISO timestamp when email was processed by event source"
        },
        {
          "name": "folder",
          "type": "string",
          "description": "Mail folder where email was found"
        },
        {
          "name": "tags",
          "type": "array",
          "description": "Automatically assigned tags based on filters"
        }
      ]
    },
    {
      "id": "attachment_extracted",
      "name": "Attachment Extracted",
      "description": "Triggered when an email attachment is extracted and saved",
      "outputs": [
        {
          "name": "attachment_id",
          "type": "string",
          "description": "Unique identifier for the attachment"
        },
        {
          "name": "email_id",
          "type": "string",
          "description": "ID of the parent email"
        },
        {
          "name": "filename",
          "type": "string",
          "description": "Original filename of the attachment"
        },
        {
          "name": "file_path",
          "type": "string",
          "description": "Local path where attachment was saved"
        },
        {
          "name": "file_size",
          "type": "number",
          "description": "Size of attachment in bytes"
        },
        {
          "name": "mime_type",
          "type": "string",
          "description": "MIME type of the attachment"
        },
        {
          "name": "file_extension",
          "type": "string",
          "description": "File extension"
        },
        {
          "name": "extracted_at",
          "type": "string",
          "description": "ISO timestamp when attachment was extracted"
        }
      ]
    },
    {
      "id": "email_processing_error",
      "name": "Email Processing Error",
      "description": "Triggered when there's an error processing an email",
      "outputs": [
        {
          "name": "error_id",
          "type": "string",
          "description": "Unique error identifier"
        },
        {
          "name": "email_id",
          "type": "string",
          "description": "ID of the email that caused the error (if available)"
        },
        {
          "name": "error_type",
          "type": "string",
          "description": "Type of error (connection, parsing, attachment, etc.)"
        },
        {
          "name": "error_message",
          "type": "string",
          "description": "Detailed error message"
        },
        {
          "name": "error_at",
          "type": "string",
          "description": "ISO timestamp when error occurred"
        },
        {
          "name": "retry_count",
          "type": "number",
          "description": "Number of retry attempts made"
        }
      ]
    }
  ],
  "configSchema": {
    "title": "Email Monitor Configuration",
    "type": "object",
    "properties": {
      "connection": {
        "type": "object",
        "title": "Connessione Email",
        "properties": {
          "protocol": {
            "type": "string",
            "title": "Protocollo",
            "description": "Protocollo di connessione",
            "enum": ["IMAP", "POP3"],
            "default": "IMAP"
          },
          "server": {
            "type": "string",
            "title": "Server",
            "description": "Indirizzo del server email (es: imap.gmail.com)",
            "default": ""
          },
          "port": {
            "type": "number",
            "title": "Porta",
            "description": "Porta del server (993 per IMAP SSL, 995 per POP3 SSL)",
            "default": 993,
            "minimum": 1,
            "maximum": 65535
          },
          "use_ssl": {
            "type": "boolean",
            "title": "Usa SSL",
            "description": "Se utilizzare connessione SSL/TLS",
            "default": true
          },
          "username": {
            "type": "string",
            "title": "Username",
            "description": "Username per l'autenticazione",
            "default": ""
          },
          "password": {
            "type": "string",
            "title": "Password",
            "description": "Password per l'autenticazione",
            "format": "password",
            "default": ""
          }
        },
        "required": ["server", "username", "password"]
      },
      "folders": {
        "type": "array",
        "title": "Cartelle da Monitorare",
        "description": "Lista delle cartelle email da monitorare",
        "items": {
          "type": "string"
        },
        "default": ["INBOX"]
      },
      "polling_interval": {
        "type": "number",
        "title": "Intervallo Polling (secondi)",
        "description": "Frequenza di controllo nuove email in secondi",
        "default": 60,
        "minimum": 10,
        "maximum": 3600
      },
      "filters": {
        "type": "object",
        "title": "Filtri Email",
        "properties": {
          "sender_whitelist": {
            "type": "array",
            "title": "Mittenti Consentiti",
            "description": "Lista di indirizzi email o domini consentiti",
            "items": {
              "type": "string"
            },
            "default": []
          },
          "sender_blacklist": {
            "type": "array",
            "title": "Mittenti Bloccati",
            "description": "Lista di indirizzi email o domini da ignorare",
            "items": {
              "type": "string"
            },
            "default": []
          },
          "subject_keywords": {
            "type": "array",
            "title": "Parole Chiave Oggetto",
            "description": "Parole chiave che devono essere presenti nell'oggetto",
            "items": {
              "type": "string"
            },
            "default": []
          },
          "subject_regex": {
            "type": "string",
            "title": "Regex Oggetto",
            "description": "Espressione regolare per filtrare l'oggetto",
            "default": ""
          },
          "min_age_minutes": {
            "type": "number",
            "title": "Età Minima (minuti)",
            "description": "Età minima dell'email prima di processarla (per evitare email in arrivo)",
            "default": 2,
            "minimum": 0
          },
          "max_age_days": {
            "type": "number",
            "title": "Età Massima (giorni)",
            "description": "Età massima dell'email da processare (0 = nessun limite)",
            "default": 7,
            "minimum": 0
          },
          "has_attachments": {
            "type": "boolean",
            "title": "Solo con Allegati",
            "description": "Processa solo email con allegati",
            "default": false
          }
        }
      },
      "attachments": {
        "type": "object",
        "title": "Gestione Allegati",
        "properties": {
          "extract_attachments": {
            "type": "boolean",
            "title": "Estrai Allegati",
            "description": "Se estrarre e salvare gli allegati localmente",
            "default": true
          },
          "save_path": {
            "type": "string",
            "title": "Percorso Salvataggio",
            "description": "Percorso dove salvare gli allegati estratti",
            "default": "./attachments"
          },
          "allowed_extensions": {
            "type": "array",
            "title": "Estensioni Consentite",
            "description": "Estensioni file da estrarre (vuoto = tutte)",
            "items": {
              "type": "string"
            },
            "default": [".pdf", ".doc", ".docx", ".xls", ".xlsx", ".txt", ".csv"]
          },
          "max_size_mb": {
            "type": "number",
            "title": "Dimensione Massima (MB)",
            "description": "Dimensione massima allegato da estrarre",
            "default": 50,
            "minimum": 1,
            "maximum": 500
          }
        }
      },
      "processing": {
        "type": "object",
        "title": "Elaborazione",
        "properties": {
          "mark_as_read": {
            "type": "boolean",
            "title": "Marca come Letto",
            "description": "Se marcare le email processate come lette",
            "default": false
          },
          "move_processed": {
            "type": "boolean",
            "title": "Sposta Processate",
            "description": "Se spostare le email processate in altra cartella",
            "default": false
          },
          "processed_folder": {
            "type": "string",
            "title": "Cartella Processate",
            "description": "Nome della cartella dove spostare email processate",
            "default": "Processed"
          },
          "max_emails_per_check": {
            "type": "number",
            "title": "Max Email per Controllo",
            "description": "Numero massimo di email da processare per ciclo",
            "default": 50,
            "minimum": 1,
            "maximum": 1000
          },
          "concurrent_processing": {
            "type": "number",
            "title": "Elaborazione Concorrente",
            "description": "Numero di email da processare in parallelo",
            "default": 3,
            "minimum": 1,
            "maximum": 10
          }
        }
      },
      "retry": {
        "type": "object",
        "title": "Configurazione Retry",
        "properties": {
          "max_retries": {
            "type": "number",
            "title": "Max Tentativi",
            "description": "Numero massimo di tentativi per email fallite",
            "default": 3,
            "minimum": 0,
            "maximum": 10
          },
          "retry_delay_seconds": {
            "type": "number",
            "title": "Ritardo Retry (secondi)",
            "description": "Ritardo tra tentativi di retry",
            "default": 300,
            "minimum": 60
          }
        }
      },
      "logging": {
        "type": "object",
        "title": "Configurazione Logging",
        "properties": {
          "log_email_content": {
            "type": "boolean",
            "title": "Log Contenuto Email",
            "description": "Se loggare il contenuto completo delle email (attenzione alla privacy)",
            "default": false
          },
          "log_level": {
            "type": "string",
            "title": "Livello Log",
            "description": "Livello di logging",
            "enum": ["DEBUG", "INFO", "WARNING", "ERROR"],
            "default": "INFO"
          }
        }
      }
    },
    "required": ["connection"]
  }
}
