[
  {
    "id": "31b98585-a7a2-40f1-9764-2da589bcc4d1",
    "timestamp": "2025-11-16T20:46:50.753645",
    "project": "PramaIAServer",
    "level": "lifecycle",
    "module": "system_events",
    "message": "LogService avviato",
    "details": {
      "event_type": "service_start",
      "version": "1.0.0",
      "log_type": "lifecycle",
      "event_time": "2025-11-16T20:46:50.753609"
    },
    "context": {
      "component": "logservice_main"
    }
  },
  {
    "id": "aba7ae77-2e23-4edc-adad-5e28765a5bcb",
    "timestamp": "2025-11-16T20:46:51.121567",
    "project": "PramaIAServer",
    "level": "lifecycle",
    "module": "system_events",
    "message": "LogService avviato",
    "details": {
      "event_type": "service_start",
      "version": "1.0.0",
      "log_type": "lifecycle",
      "event_time": "2025-11-16T20:46:51.121539"
    },
    "context": {
      "component": "logservice_main"
    }
  },
  {
    "id": "f4a55e38-5c2e-42a0-a7fc-4e91ce176145",
    "timestamp": "2025-11-16T20:47:04.834382",
    "project": "PramaIA-Agents",
    "level": "info",
    "module": "document-folder-monitor-agent",
    "message": "Document Monitor Agent avviato - LogService connesso",
    "details": {
      "timestamp": 1763322424.8343499,
      "host": "http://localhost:8081",
      "initialization": "startup"
    },
    "context": null
  },
  {
    "id": "df83da1b-b6a0-4128-b546-eefdbfa7c56e",
    "timestamp": "2025-11-16T20:47:04.835025",
    "project": "PramaIA-Agents",
    "level": "info",
    "module": "document-folder-monitor-agent",
    "message": "Document Monitor Agent logger inizializzato con integrazione LogService",
    "details": {
      "host": "http://localhost:8081"
    },
    "context": null
  },
  {
    "id": "c1ea98f4-3629-42fc-9532-c798d63545b1",
    "timestamp": "2025-11-16T20:47:05.002905",
    "project": "PramaIA-Agents",
    "level": "debug",
    "module": "document-folder-monitor-agent",
    "message": "[EventBuffer] Inizializzazione con db_path=event_buffer.db",
    "details": null,
    "context": null
  },
  {
    "id": "ce8242b0-bca6-4725-9247-79523f958334",
    "timestamp": "2025-11-16T20:47:05.003146",
    "project": "PramaIA-Agents",
    "level": "debug",
    "module": "document-folder-monitor-agent",
    "message": "[EventBuffer] Tentativo acquisizione lock per _init_db",
    "details": null,
    "context": null
  },
  {
    "id": "de5102a1-1f77-43a4-aec0-34de46c50a8e",
    "timestamp": "2025-11-16T20:47:05.003316",
    "project": "PramaIA-Agents",
    "level": "debug",
    "module": "document-folder-monitor-agent",
    "message": "[EventBuffer] Lock acquisito per _init_db, apertura connessione SQLite",
    "details": null,
    "context": null
  },
  {
    "id": "046f9f2c-cfec-42b5-b262-ff7531e037a3",
    "timestamp": "2025-11-16T20:47:05.004311",
    "project": "PramaIA-Agents",
    "level": "debug",
    "module": "document-folder-monitor-agent",
    "message": "[EventBuffer] Connessione SQLite chiusa dopo _init_db",
    "details": null,
    "context": null
  },
  {
    "id": "991a6d14-7496-42cc-8c68-06d757030184",
    "timestamp": "2025-11-16T20:47:05.015718",
    "project": "PramaIA-Agents",
    "level": "debug",
    "module": "document-folder-monitor-agent",
    "message": "Percorso database hash convertito ad assoluto: C:\\PramaIA\\PramaIA-Agents\\document-folder-monitor-agent\\data/file_hashes.db",
    "details": null,
    "context": null
  },
  {
    "id": "f93f7ef8-d74a-449b-b786-439700d170ba",
    "timestamp": "2025-11-16T20:47:05.015917",
    "project": "PramaIA-Agents",
    "level": "debug",
    "module": "document-folder-monitor-agent",
    "message": "Inizializzazione FileHashTracker con database: C:\\PramaIA\\PramaIA-Agents\\document-folder-monitor-agent\\data/file_hashes.db",
    "details": null,
    "context": null
  },
  {
    "id": "9e1f439d-fa2d-43f7-bcc8-b462af1a4b0a",
    "timestamp": "2025-11-16T20:47:05.653461",
    "project": "PramaIA-Agents",
    "level": "debug",
    "module": "document-folder-monitor-agent",
    "message": "[EventBuffer] Inizializzazione con db_path=event_buffer.db",
    "details": null,
    "context": null
  },
  {
    "id": "b54544df-38e6-4907-8e05-aaeaa716666f",
    "timestamp": "2025-11-16T20:47:05.653640",
    "project": "PramaIA-Agents",
    "level": "debug",
    "module": "document-folder-monitor-agent",
    "message": "[EventBuffer] Tentativo acquisizione lock per _init_db",
    "details": null,
    "context": null
  },
  {
    "id": "ca05c81c-b62c-423f-8bdf-4036bcf36d7a",
    "timestamp": "2025-11-16T20:47:05.653801",
    "project": "PramaIA-Agents",
    "level": "debug",
    "module": "document-folder-monitor-agent",
    "message": "[EventBuffer] Lock acquisito per _init_db, apertura connessione SQLite",
    "details": null,
    "context": null
  },
  {
    "id": "c4e832c1-b4c0-4496-950b-8024de768077",
    "timestamp": "2025-11-16T20:47:05.654704",
    "project": "PramaIA-Agents",
    "level": "debug",
    "module": "document-folder-monitor-agent",
    "message": "[EventBuffer] Connessione SQLite chiusa dopo _init_db",
    "details": null,
    "context": null
  },
  {
    "id": "a96fd3a6-d65d-4173-9460-fae460e997cc",
    "timestamp": "2025-11-16T20:47:05.656186",
    "project": "PramaIA-Agents",
    "level": "info",
    "module": "document-folder-monitor-agent",
    "message": "Configurazione CORS con origins: http://localhost:3000,http://127.0.0.1:3000,http://localhost:5173,http://127.0.0.1:5173,http://localhost:8000,http://127.0.0.1:8000,https://localhost:3000,https://127.0.0.1:3000,https://localhost:5173,https://127.0.0.1:5173,https://localhost:8000,https://127.0.0.1:8000",
    "details": null,
    "context": null
  },
  {
    "id": "9404011d-f261-400d-9dfe-5e5b41fabe75",
    "timestamp": "2025-11-16T20:47:05.673328",
    "project": "PramaIA-Agents",
    "level": "info",
    "module": "document-folder-monitor-agent",
    "message": "Avvio thread di registrazione",
    "details": null,
    "context": null
  },
  {
    "id": "b21924fc-17ea-47a5-8e16-3cdd1a6b04ee",
    "timestamp": "2025-11-16T20:47:05.675920",
    "project": "PramaIA-Agents",
    "level": "info",
    "module": "document-folder-monitor-agent",
    "message": "Tentativo 1 di registrazione al server: http://localhost:8000/api/document-monitor/clients/register",
    "details": null,
    "context": null
  },
  {
    "id": "e9e00a88-5ddf-47ae-b1f3-edfaa7d156a5",
    "timestamp": "2025-11-16T20:47:05.694336",
    "project": "PramaIA-Agents",
    "level": "info",
    "module": "document-folder-monitor-agent",
    "message": "[MANUTENZIONE] Avvio pulizia database file_hashes...",
    "details": null,
    "context": null
  },
  {
    "id": "aadbacd2-f1e6-4491-bd99-c93a5ddc8688",
    "timestamp": "2025-11-16T20:47:05.694583",
    "project": "PramaIA-Agents",
    "level": "info",
    "module": "document-folder-monitor-agent",
    "message": "\ud83e\uddf9 Cleaner del database hash avviato",
    "details": null,
    "context": null
  },
  {
    "id": "c1c9324e-76db-4114-97ea-e60e2d2b7f24",
    "timestamp": "2025-11-16T20:47:05.695207",
    "project": "PramaIA-Agents",
    "level": "debug",
    "module": "document-folder-monitor-agent",
    "message": "Percorso database hash convertito ad assoluto: C:\\PramaIA\\PramaIA-Agents\\document-folder-monitor-agent\\data/file_hashes.db",
    "details": null,
    "context": null
  },
  {
    "id": "f208e695-e300-4287-913a-69addedb6587",
    "timestamp": "2025-11-16T20:47:05.695912",
    "project": "PramaIA-Agents",
    "level": "debug",
    "module": "document-folder-monitor-agent",
    "message": "Inizializzazione FileHashTracker con database: C:\\PramaIA\\PramaIA-Agents\\document-folder-monitor-agent\\data/file_hashes.db",
    "details": null,
    "context": null
  },
  {
    "id": "e1104471-4e17-47f8-abc8-f180df63e692",
    "timestamp": "2025-11-16T20:47:05.697187",
    "project": "PramaIA-Agents",
    "level": "info",
    "module": "document-folder-monitor-agent",
    "message": "[MANUTENZIONE] Pulizia database completata: rimossi 0 hash di file non pi\u00f9 esistenti",
    "details": null,
    "context": null
  },
  {
    "id": "c67638f1-beab-452d-a7a7-9ba40513a766",
    "timestamp": "2025-11-16T20:47:05.741455",
    "project": "PramaIA-Agents",
    "level": "info",
    "module": "document-folder-monitor-agent",
    "message": "Avvio thread di registrazione",
    "details": null,
    "context": null
  },
  {
    "id": "128461fc-e3ff-4923-ab62-eb8f59f2f576",
    "timestamp": "2025-11-16T20:47:05.744220",
    "project": "PramaIA-Agents",
    "level": "info",
    "module": "document-folder-monitor-agent",
    "message": "Tentativo 1 di registrazione al server: http://localhost:8000/api/document-monitor/clients/register",
    "details": null,
    "context": null
  },
  {
    "id": "bde703fb-11d8-4eb5-95e1-15dd9364f770",
    "timestamp": "2025-11-16T20:47:05.745544",
    "project": "PramaIA-Agents",
    "level": "debug",
    "module": "document-folder-monitor-agent",
    "message": "Il cleaner degli hash \u00e8 gi\u00e0 in esecuzione",
    "details": null,
    "context": null
  },
  {
    "id": "db56fbb2-3d7f-415c-ae53-631f97c34888",
    "timestamp": "2025-11-16T20:47:05.747796",
    "project": "PramaIA-Agents",
    "level": "info",
    "module": "document-folder-monitor-agent",
    "message": "Document Folder Monitor Plugin avviato. FastAPI in ascolto.",
    "details": null,
    "context": null
  },
  {
    "id": "6afc6b6e-ee9b-4dd7-9b1f-2a2d9a33089d",
    "timestamp": "2025-11-16T20:47:05.748235",
    "project": "PramaIA-Agents",
    "level": "info",
    "module": "document-folder-monitor-agent",
    "message": "Avvio pulizia automatica degli eventi duplicati...",
    "details": null,
    "context": null
  },
  {
    "id": "ffe77f61-c567-4d40-bc89-a34989a33fb9",
    "timestamp": "2025-11-16T20:47:05.755509",
    "project": "PramaIA-Agents",
    "level": "info",
    "module": "document-folder-monitor-agent",
    "message": "Pulizia avanzata degli eventi duplicati...",
    "details": null,
    "context": null
  },
  {
    "id": "db67d7ee-2db0-4bea-a258-dbbb2edbeee0",
    "timestamp": "2025-11-16T20:47:05.755927",
    "project": "PramaIA-Agents",
    "level": "info",
    "module": "document-folder-monitor-agent",
    "message": "Usando il metodo legacy di pulizia degli eventi duplicati...",
    "details": null,
    "context": null
  },
  {
    "id": "744c1361-06fc-44e2-a9d9-5241e945f48c",
    "timestamp": "2025-11-16T20:47:05.756170",
    "project": "PramaIA-Agents",
    "level": "debug",
    "module": "document-folder-monitor-agent",
    "message": "[event_maintenance] Tentativo acquisizione lock per _legacy_clean_duplicate_events",
    "details": null,
    "context": null
  },
  {
    "id": "362db8a7-ced4-40b2-8b7f-2a787825bfa0",
    "timestamp": "2025-11-16T20:47:05.756336",
    "project": "PramaIA-Agents",
    "level": "debug",
    "module": "document-folder-monitor-agent",
    "message": "[event_maintenance] Lock acquisito per _legacy_clean_duplicate_events, apertura connessione SQLite",
    "details": null,
    "context": null
  },
  {
    "id": "9c4f9062-c694-4a71-85db-af0bf449ddfd",
    "timestamp": "2025-11-16T20:47:05.757685",
    "project": "PramaIA-Agents",
    "level": "debug",
    "module": "document-folder-monitor-agent",
    "message": "[event_maintenance] Connessione SQLite chiusa dopo _legacy_clean_duplicate_events",
    "details": null,
    "context": null
  },
  {
    "id": "f94c249c-66c4-4166-ba72-e61f5b7203b1",
    "timestamp": "2025-11-16T20:47:05.757923",
    "project": "PramaIA-Agents",
    "level": "info",
    "module": "document-folder-monitor-agent",
    "message": "Pulizia automatica completata: 0 eventi duplicati eliminati",
    "details": null,
    "context": null
  },
  {
    "id": "cbedad34-b75b-4d93-83fa-332d925e1657",
    "timestamp": "2025-11-16T20:47:05.758344",
    "project": "PramaIA-Agents",
    "level": "info",
    "module": "document-folder-monitor-agent",
    "message": "Avvio servizio di riconciliazione...",
    "details": null,
    "context": null
  },
  {
    "id": "e2d359c6-22e0-4a41-a923-47329ae13910",
    "timestamp": "2025-11-16T20:47:05.758749",
    "project": "PramaIA-Agents",
    "level": "info",
    "module": "document-folder-monitor-agent",
    "message": "Starting reconciliation service with interval 3600s",
    "details": {
      "interval": 3600,
      "service": "reconciliation"
    },
    "context": null
  },
  {
    "id": "ed7a23ac-ac14-4055-b7c5-ce60120140a7",
    "timestamp": "2025-11-16T20:47:05.759111",
    "project": "PramaIA-Agents",
    "level": "info",
    "module": "document-folder-monitor-agent",
    "message": "\u2705 Servizio di riconciliazione avviato con successo",
    "details": null,
    "context": null
  },
  {
    "id": "7e526361-a09d-4ffd-a594-da2bec187c02",
    "timestamp": "2025-11-16T20:47:05.759571",
    "project": "PramaIA-Agents",
    "level": "info",
    "module": "document-folder-monitor-agent",
    "message": "\u2705 Servizio recovery sync inizializzato",
    "details": null,
    "context": null
  },
  {
    "id": "3aa439de-d685-46a6-9cfe-36119321b971",
    "timestamp": "2025-11-16T20:47:05.760087",
    "project": "PramaIA-Agents",
    "level": "info",
    "module": "document-folder-monitor-agent",
    "message": "Avvio servizio di riconciliazione...",
    "details": null,
    "context": null
  },
  {
    "id": "7bb566c5-1a0f-4155-a6b5-3455bc86856e",
    "timestamp": "2025-11-16T20:47:05.760387",
    "project": "PramaIA-Agents",
    "level": "warning",
    "module": "document-folder-monitor-agent",
    "message": "Reconciliation service already running",
    "details": {
      "service": "reconciliation"
    },
    "context": null
  },
  {
    "id": "3a6cf7c3-1530-4187-9dc8-e2a06bc3f2d1",
    "timestamp": "2025-11-16T20:47:05.760730",
    "project": "PramaIA-Agents",
    "level": "info",
    "module": "document-folder-monitor-agent",
    "message": "\u2705 Servizio di riconciliazione avviato con successo",
    "details": null,
    "context": null
  },
  {
    "id": "66e289aa-d660-4f28-8eda-b552a6a77e64",
    "timestamp": "2025-11-16T20:47:05.761172",
    "project": "PramaIA-Agents",
    "level": "info",
    "module": "document-folder-monitor-agent",
    "message": "\u2705 Servizio recovery sync inizializzato",
    "details": null,
    "context": null
  },
  {
    "id": "2e837323-80de-4971-98c4-1087ea77d91e",
    "timestamp": "2025-11-16T20:47:05.761656",
    "project": "PramaIA-Agents",
    "level": "info",
    "module": "document-folder-monitor-agent",
    "message": "No actively monitored folders found",
    "details": {
      "service": "reconciliation"
    },
    "context": null
  },
  {
    "id": "4fea6fbd-aae0-4a85-bd36-c69dcff0da69",
    "timestamp": "2025-11-16T20:47:05.762352",
    "project": "PramaIA-Agents",
    "level": "info",
    "module": "document-folder-monitor-agent",
    "message": "Sincronizzazione periodica per 1 cartelle attivamente monitorate",
    "details": {
      "folder_count": 1,
      "service": "reconciliation"
    },
    "context": null
  },
  {
    "id": "e734fc41-58f8-4a66-b346-68afa9380a3f",
    "timestamp": "2025-11-16T20:47:05.762746",
    "project": "PramaIA-Agents",
    "level": "info",
    "module": "document-folder-monitor-agent",
    "message": "Avvio sincronizzazione periodica per cartella: D:\\TestPramaIA",
    "details": {
      "folder": "D:\\TestPramaIA",
      "service": "reconciliation"
    },
    "context": null
  },
  {
    "id": "777446b1-2c07-4ddd-ba7c-06da335ee0ff",
    "timestamp": "2025-11-16T20:47:05.763138",
    "project": "PramaIA-Agents",
    "level": "info",
    "module": "document-folder-monitor-agent",
    "message": "Starting reconciliation for folder: D:\\TestPramaIA",
    "details": {
      "folder": "D:\\TestPramaIA",
      "service": "reconciliation"
    },
    "context": null
  },
  {
    "id": "36f25426-e6ee-40df-b3c2-12a44f397564",
    "timestamp": "2025-11-16T20:47:05.763490",
    "project": "PramaIA-Agents",
    "level": "info",
    "module": "document-folder-monitor-agent",
    "message": "Scanning filesystem for folder: D:\\TestPramaIA",
    "details": {
      "folder": "D:\\TestPramaIA",
      "service": "reconciliation"
    },
    "context": null
  },
  {
    "id": "37abbba8-599b-43fd-acda-73f338604a6b",
    "timestamp": "2025-11-16T20:47:05.764509",
    "project": "PramaIA-Agents",
    "level": "info",
    "module": "document-folder-monitor-agent",
    "message": "Filesystem scan completed. Found 1 files",
    "details": {
      "folder": "D:\\TestPramaIA",
      "file_count": 1,
      "service": "reconciliation"
    },
    "context": null
  },
  {
    "id": "6003455f-ec45-4553-9ebd-b56876537452",
    "timestamp": "2025-11-16T20:47:05.764862",
    "project": "PramaIA-Agents",
    "level": "info",
    "module": "document-folder-monitor-agent",
    "message": "Getting vectorstore state for folder: D:\\TestPramaIA",
    "details": {
      "folder": "D:\\TestPramaIA",
      "service": "reconciliation"
    },
    "context": null
  },
  {
    "id": "93a57aa3-12ac-4869-a466-64f5d1f2fad0",
    "timestamp": "2025-11-16T20:47:09.801734",
    "project": "PramaIA-Agents",
    "level": "error",
    "module": "document-folder-monitor-agent",
    "message": "\u274c Connessione al server fallita: HTTPConnectionPool(host='localhost', port=8000): Max retries exceeded with url: /api/document-monitor/clients/register (Caused by NewConnectionError('<urllib3.connection.HTTPConnection object at 0x000001F956377A10>: Failed to establish a new connection: [WinError 10061] Impossibile stabilire la connessione. Rifiuto persistente del computer di destinazione'))",
    "details": null,
    "context": null
  },
  {
    "id": "a5c552ba-eb01-4b60-b62e-6b6b9a28da3d",
    "timestamp": "2025-11-16T20:47:09.802030",
    "project": "PramaIA-Agents",
    "level": "info",
    "module": "document-folder-monitor-agent",
    "message": "Riprovo tra 5.3 secondi... (tentativo 1/10)",
    "details": null,
    "context": null
  },
  {
    "id": "20f9d643-886a-4385-a140-a67fe15d7ae4",
    "timestamp": "2025-11-16T20:47:09.864220",
    "project": "PramaIA-Agents",
    "level": "error",
    "module": "document-folder-monitor-agent",
    "message": "\u274c Connessione al server fallita: HTTPConnectionPool(host='localhost', port=8000): Max retries exceeded with url: /api/document-monitor/clients/register (Caused by NewConnectionError('<urllib3.connection.HTTPConnection object at 0x000001F9566382D0>: Failed to establish a new connection: [WinError 10061] Impossibile stabilire la connessione. Rifiuto persistente del computer di destinazione'))",
    "details": null,
    "context": null
  },
  {
    "id": "55d06033-bd98-43fb-88a1-af673228fb22",
    "timestamp": "2025-11-16T20:47:09.864545",
    "project": "PramaIA-Agents",
    "level": "info",
    "module": "document-folder-monitor-agent",
    "message": "Riprovo tra 5.2 secondi... (tentativo 1/10)",
    "details": null,
    "context": null
  },
  {
    "id": "54b0a8b4-e856-42f4-a1f1-604c2366382e",
    "timestamp": "2025-11-16T20:47:09.879553",
    "project": "PramaIA-Agents",
    "level": "error",
    "module": "document-folder-monitor-agent",
    "message": "Error getting vectorstore state for D:\\TestPramaIA: HTTPConnectionPool(host='localhost', port=8000): Max retries exceeded with url: /api/folders/state?path=D%3A/TestPramaIA (Caused by NewConnectionError('<urllib3.connection.HTTPConnection object at 0x000001F956638F50>: Failed to establish a new connection: [WinError 10061] Impossibile stabilire la connessione. Rifiuto persistente del computer di destinazione'))",
    "details": {
      "folder": "D:\\TestPramaIA",
      "error": "HTTPConnectionPool(host='localhost', port=8000): Max retries exceeded with url: /api/folders/state?path=D%3A/TestPramaIA (Caused by NewConnectionError('<urllib3.connection.HTTPConnection object at 0x000001F956638F50>: Failed to establish a new connection: [WinError 10061] Impossibile stabilire la connessione. Rifiuto persistente del computer di destinazione'))",
      "service": "reconciliation"
    },
    "context": null
  },
  {
    "id": "a86b88cb-6112-4bbe-80d3-5c5edc93bab2",
    "timestamp": "2025-11-16T20:47:09.879913",
    "project": "PramaIA-Agents",
    "level": "info",
    "module": "document-folder-monitor-agent",
    "message": "Calculating differences between filesystem and vectorstore",
    "details": {
      "folder": "D:\\TestPramaIA",
      "service": "reconciliation"
    },
    "context": null
  },
  {
    "id": "db5d4541-abed-4d7f-b74b-bcc653b7224d",
    "timestamp": "2025-11-16T20:47:09.880369",
    "project": "PramaIA-Agents",
    "level": "info",
    "module": "document-folder-monitor-agent",
    "message": "Diff summary: 1 new files, 0 deleted files, 0 modified files, 0 metadata changes",
    "details": {
      "folder": "D:\\TestPramaIA",
      "new_files": 1,
      "deleted_files": 0,
      "modified_files": 0,
      "metadata_changes": 0,
      "service": "reconciliation"
    },
    "context": null
  },
  {
    "id": "9f4da93f-d747-42c5-946c-fcbadbf5f998",
    "timestamp": "2025-11-16T20:47:09.880826",
    "project": "PramaIA-Agents",
    "level": "info",
    "module": "document-folder-monitor-agent",
    "message": "Adding missing file to vectorstore: D:\\TestPramaIA\\test.txt",
    "details": {
      "file_path": "D:\\TestPramaIA\\test.txt",
      "service": "reconciliation"
    },
    "context": null
  },
  {
    "id": "7f700e4c-f0cd-4652-8efb-614701fac0c0",
    "timestamp": "2025-11-16T20:47:09.881283",
    "project": "PramaIA-Agents",
    "level": "lifecycle",
    "module": "document-folder-monitor-agent",
    "message": "\ud83d\udd04 [LIFECYCLE] Inizio elaborazione documento 'test.txt'",
    "details": {
      "lifecycle_event": "START_PROCESSING",
      "log_type": "lifecycle",
      "file_name": "test.txt",
      "file_path": "D:\\TestPramaIA\\test.txt",
      "status": "iniziato",
      "action": "reconciliation_add",
      "filter_action": "process_full"
    },
    "context": null
  },
  {
    "id": "51e34b72-97fb-4c00-b16f-f4190c3f148c",
    "timestamp": "2025-11-16T20:47:09.889004",
    "project": "PramaIA-Agents",
    "level": "debug",
    "module": "document-folder-monitor-agent",
    "message": "[event_queries] Tentativo acquisizione lock per find_event_by_filename (test.txt)",
    "details": null,
    "context": null
  },
  {
    "id": "6a434892-cc2f-4699-ad22-b0a13483422e",
    "timestamp": "2025-11-16T20:47:09.889199",
    "project": "PramaIA-Agents",
    "level": "debug",
    "module": "document-folder-monitor-agent",
    "message": "[event_queries] Lock acquisito per find_event_by_filename (test.txt), apertura connessione SQLite",
    "details": null,
    "context": null
  },
  {
    "id": "5add58cd-8ea7-4277-a2d4-346ef88c6015",
    "timestamp": "2025-11-16T20:47:09.890248",
    "project": "PramaIA-Agents",
    "level": "debug",
    "module": "document-folder-monitor-agent",
    "message": "[event_queries] Connessione SQLite chiusa dopo find_event_by_filename (test.txt)",
    "details": null,
    "context": null
  },
  {
    "id": "8ae343a9-2084-4c8a-8679-897eca79c81c",
    "timestamp": "2025-11-16T20:47:09.890434",
    "project": "PramaIA-Agents",
    "level": "debug",
    "module": "document-folder-monitor-agent",
    "message": "Aggiornamento stato evento 48 a 'processing', document_id: None",
    "details": null,
    "context": null
  },
  {
    "id": "f17bac47-596f-423b-9927-49e70cfe41d0",
    "timestamp": "2025-11-16T20:47:09.890628",
    "project": "PramaIA-Agents",
    "level": "debug",
    "module": "document-folder-monitor-agent",
    "message": "[event_queries] Tentativo acquisizione lock per update_event_status",
    "details": null,
    "context": null
  },
  {
    "id": "f716017f-669c-4bc7-96b9-aeabb882df28",
    "timestamp": "2025-11-16T20:47:09.890796",
    "project": "PramaIA-Agents",
    "level": "debug",
    "module": "document-folder-monitor-agent",
    "message": "[event_queries] Lock acquisito per update_event_status, apertura connessione SQLite",
    "details": null,
    "context": null
  },
  {
    "id": "3c3ba017-ac9f-426f-bb06-c924e2a743c7",
    "timestamp": "2025-11-16T20:47:09.891535",
    "project": "PramaIA-Agents",
    "level": "debug",
    "module": "document-folder-monitor-agent",
    "message": "Stato attuale evento 48: 'aggiunto', document_id attuale: None",
    "details": null,
    "context": null
  },
  {
    "id": "8f77b28e-4971-4d14-9e3c-c42cea51c1fe",
    "timestamp": "2025-11-16T20:47:09.891735",
    "project": "PramaIA-Agents",
    "level": "debug",
    "module": "document-folder-monitor-agent",
    "message": "Query SQL: UPDATE events SET status = ? WHERE id = ? con parametri ['processing', 48]",
    "details": null,
    "context": null
  },
  {
    "id": "1056ff61-440b-42aa-97ea-b0e7018a1a86",
    "timestamp": "2025-11-16T20:47:09.895549",
    "project": "PramaIA-Agents",
    "level": "debug",
    "module": "document-folder-monitor-agent",
    "message": "Aggiornamento stato evento 48 completato: True",
    "details": null,
    "context": null
  },
  {
    "id": "8a956bbf-e113-4ee2-a9d7-30e29d8ff6ac",
    "timestamp": "2025-11-16T20:47:09.895795",
    "project": "PramaIA-Agents",
    "level": "debug",
    "module": "document-folder-monitor-agent",
    "message": "[event_queries] Connessione SQLite chiusa dopo update_event_status",
    "details": null,
    "context": null
  },
  {
    "id": "7a5bcd94-b6aa-4aeb-b017-66dff95e7b3e",
    "timestamp": "2025-11-16T20:47:09.896106",
    "project": "PramaIA-Agents",
    "level": "lifecycle",
    "module": "document-folder-monitor-agent",
    "message": "\ud83d\udd04 [LIFECYCLE] Evento aggiornato a 'processing' per 'test.txt'",
    "details": {
      "lifecycle_event": "EVENT_STATUS",
      "file_name": "test.txt",
      "file_path": "D:\\TestPramaIA\\test.txt",
      "status": "processing",
      "event_id": 48,
      "log_type": "lifecycle"
    },
    "context": null
  },
  {
    "id": "aee2f787-a7d9-4cb4-9437-cefaaacb0bc0",
    "timestamp": "2025-11-16T20:47:09.896396",
    "project": "PramaIA-Agents",
    "level": "debug",
    "module": "document-folder-monitor-agent",
    "message": "Percorso database hash convertito ad assoluto: C:\\PramaIA\\PramaIA-Agents\\document-folder-monitor-agent\\data/file_hashes.db",
    "details": null,
    "context": null
  },
  {
    "id": "fbbfcef6-54d5-43eb-8e31-40d2dd627400",
    "timestamp": "2025-11-16T20:47:09.896584",
    "project": "PramaIA-Agents",
    "level": "debug",
    "module": "document-folder-monitor-agent",
    "message": "Inizializzazione FileHashTracker con database: C:\\PramaIA\\PramaIA-Agents\\document-folder-monitor-agent\\data/file_hashes.db",
    "details": null,
    "context": null
  },
  {
    "id": "e3ecc751-0986-4711-bfa9-16115a3baffb",
    "timestamp": "2025-11-16T20:47:09.897574",
    "project": "PramaIA-Agents",
    "level": "lifecycle",
    "module": "document-folder-monitor-agent",
    "message": "\ud83d\udd04 [LIFECYCLE] Hash trovato nel database per 'test.txt'",
    "details": {
      "lifecycle_event": "HASH_CHECK",
      "file_name": "test.txt",
      "file_path": "D:\\TestPramaIA\\test.txt",
      "status": "trovato",
      "hash_value": "D:\\TestPramaIA:21:1759786596.6260843:729b41995c466ab5c5194b4e943f48ff",
      "log_type": "lifecycle"
    },
    "context": null
  },
  {
    "id": "904018d9-3bc1-45d0-abff-9b42cc61a47e",
    "timestamp": "2025-11-16T20:47:09.898177",
    "project": "PramaIA-Agents",
    "level": "info",
    "module": "document-folder-monitor-agent",
    "message": "\ud83d\udce4 Invio richiesta al backend per 'test.txt'",
    "details": {
      "operation": "backend_request",
      "request_type": "upload",
      "file_name": "test.txt",
      "file_path": "D:\\TestPramaIA\\test.txt",
      "payload": "{'action': 'reconciliation_add', 'full_path': 'D:\\\\TestPramaIA\\\\test.txt', 'relative_path': 'test.txt', 'filter_action': 'process_full', 'extract_metadata': 'true', 'filter_name': 'unknown', 'should_process_content': True}"
    },
    "context": null
  },
  {
    "id": "2a273304-8465-436d-bf99-9d03c65f7132",
    "timestamp": "2025-11-16T20:47:14.025337",
    "project": "PramaIA-Agents",
    "level": "error",
    "module": "document-folder-monitor-agent",
    "message": "\u274c Errore durante invio file D:\\TestPramaIA\\test.txt: HTTPConnectionPool(host='localhost', port=8000): Max retries exceeded with url: /api/document-monitor/upload/ (Caused by NewConnectionError('<urllib3.connection.HTTPConnection object at 0x000001F95650BBB0>: Failed to establish a new connection: [WinError 10061] Impossibile stabilire la connessione. Rifiuto persistente del computer di destinazione'))",
    "details": {
      "file_path": "D:\\TestPramaIA\\test.txt",
      "error": "HTTPConnectionPool(host='localhost', port=8000): Max retries exceeded with url: /api/document-monitor/upload/ (Caused by NewConnectionError('<urllib3.connection.HTTPConnection object at 0x000001F95650BBB0>: Failed to establish a new connection: [WinError 10061] Impossibile stabilire la connessione. Rifiuto persistente del computer di destinazione'))"
    },
    "context": null
  },
  {
    "id": "38d64bc0-9f61-46a4-a70d-866b08f8a222",
    "timestamp": "2025-11-16T20:47:14.025571",
    "project": "PramaIA-Agents",
    "level": "debug",
    "module": "document-folder-monitor-agent",
    "message": "[event_queries] Tentativo acquisizione lock per find_event_by_filename (test.txt)",
    "details": null,
    "context": null
  },
  {
    "id": "fc077070-069f-4cfb-bf77-dca6e9adaa12",
    "timestamp": "2025-11-16T20:47:14.025771",
    "project": "PramaIA-Agents",
    "level": "debug",
    "module": "document-folder-monitor-agent",
    "message": "[event_queries] Lock acquisito per find_event_by_filename (test.txt), apertura connessione SQLite",
    "details": null,
    "context": null
  },
  {
    "id": "addf7a5b-748d-42fb-bda8-1c04c23009df",
    "timestamp": "2025-11-16T20:47:14.027690",
    "project": "PramaIA-Agents",
    "level": "debug",
    "module": "document-folder-monitor-agent",
    "message": "[event_queries] Connessione SQLite chiusa dopo find_event_by_filename (test.txt)",
    "details": null,
    "context": null
  },
  {
    "id": "10a68554-3b0a-4e3a-947b-3a026e67a92d",
    "timestamp": "2025-11-16T20:47:14.027951",
    "project": "PramaIA-Agents",
    "level": "debug",
    "module": "document-folder-monitor-agent",
    "message": "Aggiornamento stato evento 48 a 'failed', document_id: None",
    "details": null,
    "context": null
  },
  {
    "id": "2098a6cd-3aa7-4529-a679-7c9f3ee1f685",
    "timestamp": "2025-11-16T20:47:14.028104",
    "project": "PramaIA-Agents",
    "level": "debug",
    "module": "document-folder-monitor-agent",
    "message": "[event_queries] Tentativo acquisizione lock per update_event_status",
    "details": null,
    "context": null
  },
  {
    "id": "0a5bd326-ef64-41bb-900c-d31f5ce20feb",
    "timestamp": "2025-11-16T20:47:14.028301",
    "project": "PramaIA-Agents",
    "level": "debug",
    "module": "document-folder-monitor-agent",
    "message": "[event_queries] Lock acquisito per update_event_status, apertura connessione SQLite",
    "details": null,
    "context": null
  },
  {
    "id": "e61c1571-8d1d-4ffa-8c21-36acaa547326",
    "timestamp": "2025-11-16T20:47:14.029628",
    "project": "PramaIA-Agents",
    "level": "debug",
    "module": "document-folder-monitor-agent",
    "message": "Stato attuale evento 48: 'processing', document_id attuale: None",
    "details": null,
    "context": null
  },
  {
    "id": "87144c84-ac8c-4997-8ce8-a7780affaf7e",
    "timestamp": "2025-11-16T20:47:14.029893",
    "project": "PramaIA-Agents",
    "level": "debug",
    "module": "document-folder-monitor-agent",
    "message": "Query SQL: UPDATE events SET status = ? WHERE id = ? con parametri ['failed', 48]",
    "details": null,
    "context": null
  },
  {
    "id": "6c329f9f-63a3-40ce-9510-0931819c1abf",
    "timestamp": "2025-11-16T20:47:14.034594",
    "project": "PramaIA-Agents",
    "level": "debug",
    "module": "document-folder-monitor-agent",
    "message": "Aggiornamento stato evento 48 completato: True",
    "details": null,
    "context": null
  },
  {
    "id": "86693726-d5e1-43f6-b05f-0ad86e2d2303",
    "timestamp": "2025-11-16T20:47:14.034899",
    "project": "PramaIA-Agents",
    "level": "debug",
    "module": "document-folder-monitor-agent",
    "message": "[event_queries] Connessione SQLite chiusa dopo update_event_status",
    "details": null,
    "context": null
  },
  {
    "id": "dc9d0dec-dcdc-49d7-9dc2-4f5b29e8559c",
    "timestamp": "2025-11-16T20:47:14.039827",
    "project": "PramaIA-Agents",
    "level": "info",
    "module": "document-folder-monitor-agent",
    "message": "Reconciliation completed successfully for D:\\TestPramaIA. Duration: 8.28s. Changes: 1",
    "details": {
      "folder": "D:\\TestPramaIA",
      "duration": 8.28,
      "changes": 1,
      "service": "reconciliation"
    },
    "context": null
  },
  {
    "id": "de4da869-0db8-4455-b35c-b5ee08731771",
    "timestamp": "2025-11-16T20:47:15.101626",
    "project": "PramaIA-Agents",
    "level": "info",
    "module": "document-folder-monitor-agent",
    "message": "Tentativo 2 di registrazione al server: http://localhost:8000/api/document-monitor/clients/register",
    "details": null,
    "context": null
  },
  {
    "id": "c3f8d47b-0d6f-4dc7-897d-70055e3cdb22",
    "timestamp": "2025-11-16T20:47:15.125874",
    "project": "PramaIA-Agents",
    "level": "info",
    "module": "document-folder-monitor-agent",
    "message": "Tentativo 2 di registrazione al server: http://localhost:8000/api/document-monitor/clients/register",
    "details": null,
    "context": null
  },
  {
    "id": "cfba7008-919a-4461-8d52-05be2a0fc807",
    "timestamp": "2025-11-16T20:47:15.690955",
    "project": "PramaIA-Agents",
    "level": "info",
    "module": "document-folder-monitor-agent",
    "message": "Avvio monitoraggio cartelle autostart...",
    "details": null,
    "context": null
  },
  {
    "id": "ad6a818c-ff4f-4722-a0f5-76944a35e847",
    "timestamp": "2025-11-16T20:47:15.691476",
    "project": "PramaIA-Agents",
    "level": "info",
    "module": "document-folder-monitor-agent",
    "message": "Avvio monitoraggio cartelle autostart: ['D:\\\\TestPramaIA']",
    "details": {
      "folders": [
        "D:\\TestPramaIA"
      ],
      "action": "start_autostart"
    },
    "context": null
  },
  {
    "id": "b8e14ccf-94d4-4d42-ba7b-b3eab006d777",
    "timestamp": "2025-11-16T20:47:15.692062",
    "project": "PramaIA-Agents",
    "level": "info",
    "module": "document-folder-monitor-agent",
    "message": "Avvio monitoraggio su: D:\\TestPramaIA",
    "details": {
      "folder": "D:\\TestPramaIA",
      "action": "start_monitoring"
    },
    "context": null
  },
  {
    "id": "0dcf8dd2-9665-46de-9ee5-d8206132ae14",
    "timestamp": "2025-11-16T20:47:15.692626",
    "project": "PramaIA-Agents",
    "level": "info",
    "module": "document-folder-monitor-agent",
    "message": "File esistente aggiunto all'indice: test.txt",
    "details": {
      "file_name": "test.txt",
      "folder": "D:\\TestPramaIA",
      "action": "add_existing_file"
    },
    "context": null
  },
  {
    "id": "0f50392a-4a0d-4c81-a057-a6ced68a18ab",
    "timestamp": "2025-11-16T20:47:15.692983",
    "project": "PramaIA-Agents",
    "level": "info",
    "module": "document-folder-monitor-agent",
    "message": "Scansione iniziale completata: 1 file trovati",
    "details": {
      "folder": "D:\\TestPramaIA",
      "file_count": 1,
      "action": "initial_scan"
    },
    "context": null
  },
  {
    "id": "fa3380f7-45c5-4d1b-999c-c91b8417926a",
    "timestamp": "2025-11-16T20:47:15.694346",
    "project": "PramaIA-Agents",
    "level": "info",
    "module": "document-folder-monitor-agent",
    "message": "Monitoraggio avviato.",
    "details": {
      "folder": "D:\\TestPramaIA",
      "action": "monitoring_started"
    },
    "context": null
  },
  {
    "id": "51601e68-4130-462c-80f2-d156f519c188",
    "timestamp": "2025-11-16T20:47:15.694759",
    "project": "PramaIA-Agents",
    "level": "info",
    "module": "document-folder-monitor-agent",
    "message": "\u2705 Avviate 1 cartelle con autostart",
    "details": null,
    "context": null
  },
  {
    "id": "2e554347-a4a5-4e77-aba7-c25e723159fd",
    "timestamp": "2025-11-16T20:47:15.752793",
    "project": "PramaIA-Agents",
    "level": "info",
    "module": "document-folder-monitor-agent",
    "message": "Avvio monitoraggio cartelle autostart...",
    "details": null,
    "context": null
  },
  {
    "id": "53e82e1b-c2ef-4f8a-8653-d99a325158a8",
    "timestamp": "2025-11-16T20:47:15.753235",
    "project": "PramaIA-Agents",
    "level": "info",
    "module": "document-folder-monitor-agent",
    "message": "Avvio monitoraggio cartelle autostart: ['D:\\\\TestPramaIA']",
    "details": {
      "folders": [
        "D:\\TestPramaIA"
      ],
      "action": "start_autostart"
    },
    "context": null
  },
  {
    "id": "70b91a27-4878-4d49-869a-6cbdba379471",
    "timestamp": "2025-11-16T20:47:15.753696",
    "project": "PramaIA-Agents",
    "level": "info",
    "module": "document-folder-monitor-agent",
    "message": "Avvio monitoraggio su: D:\\TestPramaIA",
    "details": {
      "folder": "D:\\TestPramaIA",
      "action": "start_monitoring"
    },
    "context": null
  },
  {
    "id": "8bc27a55-eed3-4da5-9206-098511065b48",
    "timestamp": "2025-11-16T20:47:15.754138",
    "project": "PramaIA-Agents",
    "level": "info",
    "module": "document-folder-monitor-agent",
    "message": "Scansione iniziale completata: 1 file trovati",
    "details": {
      "folder": "D:\\TestPramaIA",
      "file_count": 1,
      "action": "initial_scan"
    },
    "context": null
  },
  {
    "id": "9fce1516-f94d-4fa5-af90-db547a288ba3",
    "timestamp": "2025-11-16T20:47:15.755167",
    "project": "PramaIA-Agents",
    "level": "info",
    "module": "document-folder-monitor-agent",
    "message": "Monitoraggio avviato.",
    "details": {
      "folder": "D:\\TestPramaIA",
      "action": "monitoring_started"
    },
    "context": null
  },
  {
    "id": "14422af2-2060-4e64-9cfe-064c02014b61",
    "timestamp": "2025-11-16T20:47:15.755516",
    "project": "PramaIA-Agents",
    "level": "info",
    "module": "document-folder-monitor-agent",
    "message": "\u2705 Avviate 2 cartelle con autostart",
    "details": null,
    "context": null
  },
  {
    "id": "5f4d1cbe-a9c5-4634-afc9-65cdc219ee00",
    "timestamp": "2025-11-16T20:47:19.208417",
    "project": "PramaIA-Agents",
    "level": "error",
    "module": "document-folder-monitor-agent",
    "message": "\u274c Connessione al server fallita: HTTPConnectionPool(host='localhost', port=8000): Max retries exceeded with url: /api/document-monitor/clients/register (Caused by NewConnectionError('<urllib3.connection.HTTPConnection object at 0x000001F956649010>: Failed to establish a new connection: [WinError 10061] Impossibile stabilire la connessione. Rifiuto persistente del computer di destinazione'))",
    "details": null,
    "context": null
  },
  {
    "id": "2732ba21-47e7-4126-876c-c6794537e28e",
    "timestamp": "2025-11-16T20:47:19.208731",
    "project": "PramaIA-Agents",
    "level": "info",
    "module": "document-folder-monitor-agent",
    "message": "Riprovo tra 8.4 secondi... (tentativo 2/10)",
    "details": null,
    "context": null
  },
  {
    "id": "7160b743-c39f-4a84-88f6-47c24ccd0d6d",
    "timestamp": "2025-11-16T20:47:19.222953",
    "project": "PramaIA-Agents",
    "level": "error",
    "module": "document-folder-monitor-agent",
    "message": "\u274c Connessione al server fallita: HTTPConnectionPool(host='localhost', port=8000): Max retries exceeded with url: /api/document-monitor/clients/register (Caused by NewConnectionError('<urllib3.connection.HTTPConnection object at 0x000001F9566685A0>: Failed to establish a new connection: [WinError 10061] Impossibile stabilire la connessione. Rifiuto persistente del computer di destinazione'))",
    "details": null,
    "context": null
  },
  {
    "id": "5686d3dc-a444-4058-9f84-e0b9d41a4f95",
    "timestamp": "2025-11-16T20:47:19.223320",
    "project": "PramaIA-Agents",
    "level": "info",
    "module": "document-folder-monitor-agent",
    "message": "Riprovo tra 10.0 secondi... (tentativo 2/10)",
    "details": null,
    "context": null
  }
]