[
  {
    "id": "9b61cce5-e625-47a1-84cc-8c76c08978fd",
    "timestamp": "2025-11-16T11:57:24.548813",
    "project": "PramaIAServer",
    "level": "lifecycle",
    "module": "system_events",
    "message": "LogService avviato",
    "details": {
      "event_type": "service_start",
      "version": "1.0.0",
      "log_type": "lifecycle",
      "event_time": "2025-11-16T11:57:24.548787"
    },
    "context": {
      "component": "logservice_main"
    }
  },
  {
    "id": "7a7fe77a-5bd0-4c94-a2ce-04982a815994",
    "timestamp": "2025-11-16T11:57:24.657711",
    "project": "PramaIAServer",
    "level": "lifecycle",
    "module": "system_events",
    "message": "LogService avviato",
    "details": {
      "event_type": "service_start",
      "version": "1.0.0",
      "log_type": "lifecycle",
      "event_time": "2025-11-16T11:57:24.657686"
    },
    "context": {
      "component": "logservice_main"
    }
  },
  {
    "id": "312e86f4-f4a6-4833-9de5-386347e98724",
    "timestamp": "2025-11-16T12:11:59.587622",
    "project": "PramaIAServer",
    "level": "lifecycle",
    "module": "system_events",
    "message": "LogService avviato",
    "details": {
      "event_type": "service_start",
      "version": "1.0.0",
      "log_type": "lifecycle",
      "event_time": "2025-11-16T12:11:59.587589"
    },
    "context": {
      "component": "logservice_main"
    }
  },
  {
    "id": "4589a427-0cb0-49d8-92c3-b971f5558ac7",
    "timestamp": "2025-11-16T12:11:59.673924",
    "project": "PramaIAServer",
    "level": "lifecycle",
    "module": "system_events",
    "message": "LogService avviato",
    "details": {
      "event_type": "service_start",
      "version": "1.0.0",
      "log_type": "lifecycle",
      "event_time": "2025-11-16T12:11:59.673891"
    },
    "context": {
      "component": "logservice_main"
    }
  }
]