[
  {
    "id": "4811f29c-de9e-48ff-b652-7beb51535f1d",
    "timestamp": "2025-11-16T22:17:05.713782",
    "project": "PramaIA-Agents",
    "level": "info",
    "module": "document-folder-monitor-agent",
    "message": "[MANUTENZIONE] Avvio pulizia eventi duplicati...",
    "details": null,
    "context": null
  },
  {
    "id": "b3175efb-5ce1-4e29-8aa8-ffc1db9daa2d",
    "timestamp": "2025-11-16T22:17:05.714239",
    "project": "PramaIA-Agents",
    "level": "info",
    "module": "document-folder-monitor-agent",
    "message": "Pulizia avanzata degli eventi duplicati...",
    "details": null,
    "context": null
  },
  {
    "id": "995dfde2-53f9-4362-81f9-8af0fc791dfd",
    "timestamp": "2025-11-16T22:17:05.714683",
    "project": "PramaIA-Agents",
    "level": "info",
    "module": "document-folder-monitor-agent",
    "message": "Usando il metodo legacy di pulizia degli eventi duplicati...",
    "details": null,
    "context": null
  },
  {
    "id": "2020724c-3adb-4690-84b6-369ebcc9316b",
    "timestamp": "2025-11-16T22:17:05.715067",
    "project": "PramaIA-Agents",
    "level": "debug",
    "module": "document-folder-monitor-agent",
    "message": "[event_maintenance] Tentativo acquisizione lock per _legacy_clean_duplicate_events",
    "details": null,
    "context": null
  },
  {
    "id": "ff8303e5-2b62-43b9-9ecf-ec78395822ba",
    "timestamp": "2025-11-16T22:17:05.715243",
    "project": "PramaIA-Agents",
    "level": "debug",
    "module": "document-folder-monitor-agent",
    "message": "[event_maintenance] Lock acquisito per _legacy_clean_duplicate_events, apertura connessione SQLite",
    "details": null,
    "context": null
  },
  {
    "id": "062853ef-8554-4b39-8880-83123d7f1a86",
    "timestamp": "2025-11-16T22:17:05.716599",
    "project": "PramaIA-Agents",
    "level": "debug",
    "module": "document-folder-monitor-agent",
    "message": "[event_maintenance] Connessione SQLite chiusa dopo _legacy_clean_duplicate_events",
    "details": null,
    "context": null
  },
  {
    "id": "574b7dc8-5c6c-41bd-81a4-0dec6a14521d",
    "timestamp": "2025-11-16T22:17:05.717005",
    "project": "PramaIA-Agents",
    "level": "info",
    "module": "document-folder-monitor-agent",
    "message": "[MANUTENZIONE] Pulizia completata: rimossi 0 eventi duplicati",
    "details": null,
    "context": null
  },
  {
    "id": "75ccfee3-f7ef-49ac-9363-7ede49ea0a92",
    "timestamp": "2025-11-16T22:17:05.717522",
    "project": "PramaIA-Agents",
    "level": "info",
    "module": "document-folder-monitor-agent",
    "message": "[MANUTENZIONE] Verifica eventi bloccati...",
    "details": null,
    "context": null
  },
  {
    "id": "84225e38-4894-4ce1-a793-8b0e652b21e6",
    "timestamp": "2025-11-16T22:17:05.717940",
    "project": "PramaIA-Agents",
    "level": "info",
    "module": "document-folder-monitor-agent",
    "message": "Verifica eventi bloccati (pi\u00f9 vecchi di 2 ore)...",
    "details": null,
    "context": null
  },
  {
    "id": "cb8996aa-51d8-44c0-b6d5-69b4f24333b0",
    "timestamp": "2025-11-16T22:17:05.718233",
    "project": "PramaIA-Agents",
    "level": "debug",
    "module": "document-folder-monitor-agent",
    "message": "[event_maintenance] Tentativo acquisizione lock per auto_update_stalled_events",
    "details": null,
    "context": null
  },
  {
    "id": "6245cbb6-559e-4064-a96d-b08facba52bc",
    "timestamp": "2025-11-16T22:17:05.718374",
    "project": "PramaIA-Agents",
    "level": "debug",
    "module": "document-folder-monitor-agent",
    "message": "[event_maintenance] Lock acquisito per auto_update_stalled_events, apertura connessione SQLite",
    "details": null,
    "context": null
  },
  {
    "id": "d26e7d8e-14be-4952-a53a-abc5c42886a3",
    "timestamp": "2025-11-16T22:17:05.719432",
    "project": "PramaIA-Agents",
    "level": "debug",
    "module": "document-folder-monitor-agent",
    "message": "[event_maintenance] Connessione SQLite chiusa dopo auto_update_stalled_events",
    "details": null,
    "context": null
  },
  {
    "id": "4ded3e36-6653-44c5-8ea9-a9db4935e6c9",
    "timestamp": "2025-11-16T22:17:05.719758",
    "project": "PramaIA-Agents",
    "level": "info",
    "module": "document-folder-monitor-agent",
    "message": "0 eventi bloccati sono stati aggiornati a 'failed'",
    "details": null,
    "context": null
  },
  {
    "id": "307e0f19-4054-4961-b906-a62a2c0ee025",
    "timestamp": "2025-11-16T22:17:05.720201",
    "project": "PramaIA-Agents",
    "level": "info",
    "module": "document-folder-monitor-agent",
    "message": "[MANUTENZIONE] Aggiornati 0 eventi bloccati",
    "details": null,
    "context": null
  },
  {
    "id": "9737289f-5f0c-464e-bbc5-6509bcce163d",
    "timestamp": "2025-11-16T22:17:05.772084",
    "project": "PramaIA-Agents",
    "level": "info",
    "module": "document-folder-monitor-agent",
    "message": "[MANUTENZIONE] Avvio pulizia eventi duplicati...",
    "details": null,
    "context": null
  },
  {
    "id": "5e898da1-f34e-417d-8665-d1a9940c30ad",
    "timestamp": "2025-11-16T22:17:05.772564",
    "project": "PramaIA-Agents",
    "level": "info",
    "module": "document-folder-monitor-agent",
    "message": "Pulizia avanzata degli eventi duplicati...",
    "details": null,
    "context": null
  },
  {
    "id": "9f7a0bde-9982-403d-b764-737953dd9a36",
    "timestamp": "2025-11-16T22:17:05.772886",
    "project": "PramaIA-Agents",
    "level": "info",
    "module": "document-folder-monitor-agent",
    "message": "Usando il metodo legacy di pulizia degli eventi duplicati...",
    "details": null,
    "context": null
  },
  {
    "id": "0e67013f-a6dd-4bd2-a7d4-364869ffd436",
    "timestamp": "2025-11-16T22:17:05.773222",
    "project": "PramaIA-Agents",
    "level": "debug",
    "module": "document-folder-monitor-agent",
    "message": "[event_maintenance] Tentativo acquisizione lock per _legacy_clean_duplicate_events",
    "details": null,
    "context": null
  },
  {
    "id": "f8ab03be-134b-4a37-94c2-c09e28f59236",
    "timestamp": "2025-11-16T22:17:05.773437",
    "project": "PramaIA-Agents",
    "level": "debug",
    "module": "document-folder-monitor-agent",
    "message": "[event_maintenance] Lock acquisito per _legacy_clean_duplicate_events, apertura connessione SQLite",
    "details": null,
    "context": null
  },
  {
    "id": "803f8116-211c-416c-b067-7717e1cba7bf",
    "timestamp": "2025-11-16T22:17:05.774306",
    "project": "PramaIA-Agents",
    "level": "debug",
    "module": "document-folder-monitor-agent",
    "message": "[event_maintenance] Connessione SQLite chiusa dopo _legacy_clean_duplicate_events",
    "details": null,
    "context": null
  },
  {
    "id": "d478dca1-726a-4bdd-9543-d3cc6da5fb3c",
    "timestamp": "2025-11-16T22:17:05.774572",
    "project": "PramaIA-Agents",
    "level": "info",
    "module": "document-folder-monitor-agent",
    "message": "[MANUTENZIONE] Pulizia completata: rimossi 0 eventi duplicati",
    "details": null,
    "context": null
  },
  {
    "id": "4a05a523-8cd7-49dc-9041-0062e059cc58",
    "timestamp": "2025-11-16T22:17:05.774905",
    "project": "PramaIA-Agents",
    "level": "info",
    "module": "document-folder-monitor-agent",
    "message": "[MANUTENZIONE] Verifica eventi bloccati...",
    "details": null,
    "context": null
  },
  {
    "id": "81bdcc13-9adf-4821-a87d-b1312b29c20b",
    "timestamp": "2025-11-16T22:17:05.775253",
    "project": "PramaIA-Agents",
    "level": "info",
    "module": "document-folder-monitor-agent",
    "message": "Verifica eventi bloccati (pi\u00f9 vecchi di 2 ore)...",
    "details": null,
    "context": null
  },
  {
    "id": "84033176-935e-4dc0-9e21-380f93ed70c0",
    "timestamp": "2025-11-16T22:17:05.775491",
    "project": "PramaIA-Agents",
    "level": "debug",
    "module": "document-folder-monitor-agent",
    "message": "[event_maintenance] Tentativo acquisizione lock per auto_update_stalled_events",
    "details": null,
    "context": null
  },
  {
    "id": "7ffb5ed6-9e46-42d7-929f-9cfcea63323f",
    "timestamp": "2025-11-16T22:17:05.775624",
    "project": "PramaIA-Agents",
    "level": "debug",
    "module": "document-folder-monitor-agent",
    "message": "[event_maintenance] Lock acquisito per auto_update_stalled_events, apertura connessione SQLite",
    "details": null,
    "context": null
  },
  {
    "id": "3fc548c7-7d0f-41bd-a1ba-e57ced83f80d",
    "timestamp": "2025-11-16T22:17:05.776497",
    "project": "PramaIA-Agents",
    "level": "debug",
    "module": "document-folder-monitor-agent",
    "message": "[event_maintenance] Connessione SQLite chiusa dopo auto_update_stalled_events",
    "details": null,
    "context": null
  },
  {
    "id": "6b590dca-8785-4791-8aba-1f56c41e5a79",
    "timestamp": "2025-11-16T22:17:05.776745",
    "project": "PramaIA-Agents",
    "level": "info",
    "module": "document-folder-monitor-agent",
    "message": "0 eventi bloccati sono stati aggiornati a 'failed'",
    "details": null,
    "context": null
  },
  {
    "id": "57ce6911-aaa9-4b55-8263-f197e1912356",
    "timestamp": "2025-11-16T22:17:05.777073",
    "project": "PramaIA-Agents",
    "level": "info",
    "module": "document-folder-monitor-agent",
    "message": "[MANUTENZIONE] Aggiornati 0 eventi bloccati",
    "details": null,
    "context": null
  }
]