[
  {
    "id": "80e1db7d-fe4c-4b2b-8e3f-6053703ece4e",
    "timestamp": "2025-11-14T09:56:21.040203",
    "project": "PramaIA-Agents",
    "level": "info",
    "module": "document-folder-monitor-agent",
    "message": "Tentativo 23 di registrazione al server: http://localhost:8000/api/document-monitor/clients/register",
    "details": null,
    "context": null
  },
  {
    "id": "c9d7b0e9-42d3-403a-b40f-6f41ca602e91",
    "timestamp": "2025-11-14T09:56:25.157336",
    "project": "PramaIA-Agents",
    "level": "error",
    "module": "document-folder-monitor-agent",
    "message": "\u274c Connessione al server fallita: HTTPConnectionPool(host='localhost', port=8000): Max retries exceeded with url: /api/document-monitor/clients/register (Caused by NewConnectionError('<urllib3.connection.HTTPConnection object at 0x00000217E3907460>: Failed to establish a new connection: [WinError 10061] Impossibile stabilire la connessione. Rifiuto persistente del computer di destinazione'))",
    "details": null,
    "context": null
  },
  {
    "id": "8c44ddc0-e6ff-42f1-90fa-b65f35b1273e",
    "timestamp": "2025-11-14T09:56:29.617439",
    "project": "PramaIA-Agents",
    "level": "info",
    "module": "document-folder-monitor-agent",
    "message": "[MANUTENZIONE] Avvio pulizia eventi duplicati...",
    "details": null,
    "context": null
  },
  {
    "id": "38f8df28-c199-4018-aec1-b2731068a523",
    "timestamp": "2025-11-14T09:56:29.618100",
    "project": "PramaIA-Agents",
    "level": "info",
    "module": "document-folder-monitor-agent",
    "message": "Pulizia avanzata degli eventi duplicati...",
    "details": null,
    "context": null
  },
  {
    "id": "a6e360cc-eb62-4399-bc3f-77a21bfabc2f",
    "timestamp": "2025-11-14T09:56:29.618492",
    "project": "PramaIA-Agents",
    "level": "info",
    "module": "document-folder-monitor-agent",
    "message": "Usando il metodo legacy di pulizia degli eventi duplicati...",
    "details": null,
    "context": null
  },
  {
    "id": "cf65f486-f65d-433d-85a9-7ea7a605f546",
    "timestamp": "2025-11-14T09:56:29.618793",
    "project": "PramaIA-Agents",
    "level": "debug",
    "module": "document-folder-monitor-agent",
    "message": "[event_maintenance] Tentativo acquisizione lock per _legacy_clean_duplicate_events",
    "details": null,
    "context": null
  },
  {
    "id": "940c5f00-9b1c-413b-8718-8aef2cb252b1",
    "timestamp": "2025-11-14T09:56:29.618996",
    "project": "PramaIA-Agents",
    "level": "debug",
    "module": "document-folder-monitor-agent",
    "message": "[event_maintenance] Lock acquisito per _legacy_clean_duplicate_events, apertura connessione SQLite",
    "details": null,
    "context": null
  },
  {
    "id": "1e39459b-d933-49d7-977d-8b667c5ce4e5",
    "timestamp": "2025-11-14T09:56:29.619836",
    "project": "PramaIA-Agents",
    "level": "debug",
    "module": "document-folder-monitor-agent",
    "message": "[event_maintenance] Connessione SQLite chiusa dopo _legacy_clean_duplicate_events",
    "details": null,
    "context": null
  },
  {
    "id": "2300542e-608e-41d4-830e-2b9570fd35bd",
    "timestamp": "2025-11-14T09:56:29.620105",
    "project": "PramaIA-Agents",
    "level": "info",
    "module": "document-folder-monitor-agent",
    "message": "[MANUTENZIONE] Pulizia completata: rimossi 0 eventi duplicati",
    "details": null,
    "context": null
  },
  {
    "id": "7a0e0edb-c2dc-485d-8351-908d67a5bd71",
    "timestamp": "2025-11-14T09:56:29.620406",
    "project": "PramaIA-Agents",
    "level": "info",
    "module": "document-folder-monitor-agent",
    "message": "[MANUTENZIONE] Verifica eventi bloccati...",
    "details": null,
    "context": null
  },
  {
    "id": "4997c565-4dd2-446f-9782-82f77bbe2bec",
    "timestamp": "2025-11-14T09:56:29.620684",
    "project": "PramaIA-Agents",
    "level": "info",
    "module": "document-folder-monitor-agent",
    "message": "Verifica eventi bloccati (pi\u00f9 vecchi di 2 ore)...",
    "details": null,
    "context": null
  },
  {
    "id": "3424d21d-962c-4874-b3ff-2ced4ff28b6f",
    "timestamp": "2025-11-14T09:56:29.620889",
    "project": "PramaIA-Agents",
    "level": "debug",
    "module": "document-folder-monitor-agent",
    "message": "[event_maintenance] Tentativo acquisizione lock per auto_update_stalled_events",
    "details": null,
    "context": null
  },
  {
    "id": "3786e56c-5655-4b44-898c-52a3a2e5ed68",
    "timestamp": "2025-11-14T09:56:29.620991",
    "project": "PramaIA-Agents",
    "level": "debug",
    "module": "document-folder-monitor-agent",
    "message": "[event_maintenance] Lock acquisito per auto_update_stalled_events, apertura connessione SQLite",
    "details": null,
    "context": null
  },
  {
    "id": "8f602aa9-49e5-4c12-85a6-64187524c7b3",
    "timestamp": "2025-11-14T09:56:29.621507",
    "project": "PramaIA-Agents",
    "level": "debug",
    "module": "document-folder-monitor-agent",
    "message": "[event_maintenance] Connessione SQLite chiusa dopo auto_update_stalled_events",
    "details": null,
    "context": null
  },
  {
    "id": "0d5cb245-4fae-4842-bb4a-16c43cbbc751",
    "timestamp": "2025-11-14T09:56:29.621690",
    "project": "PramaIA-Agents",
    "level": "info",
    "module": "document-folder-monitor-agent",
    "message": "0 eventi bloccati sono stati aggiornati a 'failed'",
    "details": null,
    "context": null
  },
  {
    "id": "377f1488-eaba-4540-a1d6-761156b61ce9",
    "timestamp": "2025-11-14T09:56:29.621943",
    "project": "PramaIA-Agents",
    "level": "info",
    "module": "document-folder-monitor-agent",
    "message": "[MANUTENZIONE] Aggiornati 0 eventi bloccati",
    "details": null,
    "context": null
  },
  {
    "id": "5ec1dd66-5679-466e-9e20-276df6737201",
    "timestamp": "2025-11-14T09:56:29.691135",
    "project": "PramaIA-Agents",
    "level": "info",
    "module": "document-folder-monitor-agent",
    "message": "[MANUTENZIONE] Avvio pulizia eventi duplicati...",
    "details": null,
    "context": null
  },
  {
    "id": "628cb339-b0c3-4aeb-b9a9-d8d0224bcaa7",
    "timestamp": "2025-11-14T09:56:29.691525",
    "project": "PramaIA-Agents",
    "level": "info",
    "module": "document-folder-monitor-agent",
    "message": "Pulizia avanzata degli eventi duplicati...",
    "details": null,
    "context": null
  },
  {
    "id": "40428da7-f86e-4585-9936-066158af6ec6",
    "timestamp": "2025-11-14T09:56:29.691806",
    "project": "PramaIA-Agents",
    "level": "info",
    "module": "document-folder-monitor-agent",
    "message": "Usando il metodo legacy di pulizia degli eventi duplicati...",
    "details": null,
    "context": null
  },
  {
    "id": "6a4ecc80-3d75-4bb2-a47e-c3086dfe4bb6",
    "timestamp": "2025-11-14T09:56:29.692047",
    "project": "PramaIA-Agents",
    "level": "debug",
    "module": "document-folder-monitor-agent",
    "message": "[event_maintenance] Tentativo acquisizione lock per _legacy_clean_duplicate_events",
    "details": null,
    "context": null
  },
  {
    "id": "7932eec2-3fa6-4b09-a9e0-899202aec35e",
    "timestamp": "2025-11-14T09:56:29.692152",
    "project": "PramaIA-Agents",
    "level": "debug",
    "module": "document-folder-monitor-agent",
    "message": "[event_maintenance] Lock acquisito per _legacy_clean_duplicate_events, apertura connessione SQLite",
    "details": null,
    "context": null
  },
  {
    "id": "265e60fd-d1d0-4e90-a97f-b8d2b9a34a6d",
    "timestamp": "2025-11-14T09:56:29.692884",
    "project": "PramaIA-Agents",
    "level": "debug",
    "module": "document-folder-monitor-agent",
    "message": "[event_maintenance] Connessione SQLite chiusa dopo _legacy_clean_duplicate_events",
    "details": null,
    "context": null
  },
  {
    "id": "2bc37c88-d188-4c0a-bd67-094afb682394",
    "timestamp": "2025-11-14T09:56:29.693222",
    "project": "PramaIA-Agents",
    "level": "info",
    "module": "document-folder-monitor-agent",
    "message": "[MANUTENZIONE] Pulizia completata: rimossi 0 eventi duplicati",
    "details": null,
    "context": null
  },
  {
    "id": "1384e884-e64f-436a-93cd-a7d0db75bd33",
    "timestamp": "2025-11-14T09:56:29.693643",
    "project": "PramaIA-Agents",
    "level": "info",
    "module": "document-folder-monitor-agent",
    "message": "[MANUTENZIONE] Verifica eventi bloccati...",
    "details": null,
    "context": null
  },
  {
    "id": "96c3e520-bfef-4a89-8191-d4cdd075e0c3",
    "timestamp": "2025-11-14T09:56:29.693921",
    "project": "PramaIA-Agents",
    "level": "info",
    "module": "document-folder-monitor-agent",
    "message": "Verifica eventi bloccati (pi\u00f9 vecchi di 2 ore)...",
    "details": null,
    "context": null
  },
  {
    "id": "a872ff2b-93ce-4663-83f8-abf08099a728",
    "timestamp": "2025-11-14T09:56:29.694150",
    "project": "PramaIA-Agents",
    "level": "debug",
    "module": "document-folder-monitor-agent",
    "message": "[event_maintenance] Tentativo acquisizione lock per auto_update_stalled_events",
    "details": null,
    "context": null
  },
  {
    "id": "18771336-0e23-419a-baf7-66c6e7ef6ed7",
    "timestamp": "2025-11-14T09:56:29.694251",
    "project": "PramaIA-Agents",
    "level": "debug",
    "module": "document-folder-monitor-agent",
    "message": "[event_maintenance] Lock acquisito per auto_update_stalled_events, apertura connessione SQLite",
    "details": null,
    "context": null
  },
  {
    "id": "a5437a26-8f90-40a9-99e9-e0a3d7d9263c",
    "timestamp": "2025-11-14T09:56:29.694710",
    "project": "PramaIA-Agents",
    "level": "debug",
    "module": "document-folder-monitor-agent",
    "message": "[event_maintenance] Connessione SQLite chiusa dopo auto_update_stalled_events",
    "details": null,
    "context": null
  },
  {
    "id": "514ea004-064c-4e22-944d-ee27f80162d6",
    "timestamp": "2025-11-14T09:56:29.694891",
    "project": "PramaIA-Agents",
    "level": "info",
    "module": "document-folder-monitor-agent",
    "message": "0 eventi bloccati sono stati aggiornati a 'failed'",
    "details": null,
    "context": null
  },
  {
    "id": "3ab0db12-c2d6-4823-9fdd-80f24d735032",
    "timestamp": "2025-11-14T09:56:29.695189",
    "project": "PramaIA-Agents",
    "level": "info",
    "module": "document-folder-monitor-agent",
    "message": "[MANUTENZIONE] Aggiornati 0 eventi bloccati",
    "details": null,
    "context": null
  },
  {
    "id": "36f96c30-96f5-4db7-aa96-e9adc6acec20",
    "timestamp": "2025-11-14T09:58:19.236714",
    "project": "PramaIA-Agents",
    "level": "info",
    "module": "document-folder-monitor-agent",
    "message": "Tentativo 23 di registrazione al server: http://localhost:8000/api/document-monitor/clients/register",
    "details": null,
    "context": null
  },
  {
    "id": "4efff095-db16-4a9a-a065-d46ee566b3f0",
    "timestamp": "2025-11-14T09:58:23.345026",
    "project": "PramaIA-Agents",
    "level": "error",
    "module": "document-folder-monitor-agent",
    "message": "\u274c Connessione al server fallita: HTTPConnectionPool(host='localhost', port=8000): Max retries exceeded with url: /api/document-monitor/clients/register (Caused by NewConnectionError('<urllib3.connection.HTTPConnection object at 0x00000217E3907DF0>: Failed to establish a new connection: [WinError 10061] Impossibile stabilire la connessione. Rifiuto persistente del computer di destinazione'))",
    "details": null,
    "context": null
  },
  {
    "id": "31e3dd0c-c9d3-4d7c-bd03-6b955ccce85b",
    "timestamp": "2025-11-14T10:01:25.158540",
    "project": "PramaIA-Agents",
    "level": "info",
    "module": "document-folder-monitor-agent",
    "message": "Tentativo 24 di registrazione al server: http://localhost:8000/api/document-monitor/clients/register",
    "details": null,
    "context": null
  },
  {
    "id": "c89b2896-d68b-423b-9ecc-45ac30d905b0",
    "timestamp": "2025-11-14T10:01:29.271728",
    "project": "PramaIA-Agents",
    "level": "error",
    "module": "document-folder-monitor-agent",
    "message": "\u274c Connessione al server fallita: HTTPConnectionPool(host='localhost', port=8000): Max retries exceeded with url: /api/document-monitor/clients/register (Caused by NewConnectionError('<urllib3.connection.HTTPConnection object at 0x00000217E3907790>: Failed to establish a new connection: [WinError 10061] Impossibile stabilire la connessione. Rifiuto persistente del computer di destinazione'))",
    "details": null,
    "context": null
  },
  {
    "id": "72d3cbf2-88bf-411d-85c0-2983b3a03b3e",
    "timestamp": "2025-11-14T10:03:23.345682",
    "project": "PramaIA-Agents",
    "level": "info",
    "module": "document-folder-monitor-agent",
    "message": "Tentativo 24 di registrazione al server: http://localhost:8000/api/document-monitor/clients/register",
    "details": null,
    "context": null
  },
  {
    "id": "ceb1bb8e-7bda-41c9-9712-b7bbbe74a8b9",
    "timestamp": "2025-11-14T10:03:27.436345",
    "project": "PramaIA-Agents",
    "level": "error",
    "module": "document-folder-monitor-agent",
    "message": "\u274c Connessione al server fallita: HTTPConnectionPool(host='localhost', port=8000): Max retries exceeded with url: /api/document-monitor/clients/register (Caused by NewConnectionError('<urllib3.connection.HTTPConnection object at 0x00000217E3907DF0>: Failed to establish a new connection: [WinError 10061] Impossibile stabilire la connessione. Rifiuto persistente del computer di destinazione'))",
    "details": null,
    "context": null
  },
  {
    "id": "056b3aff-aaad-4a64-a8d8-eef2542619a2",
    "timestamp": "2025-11-14T10:06:29.272752",
    "project": "PramaIA-Agents",
    "level": "info",
    "module": "document-folder-monitor-agent",
    "message": "Tentativo 25 di registrazione al server: http://localhost:8000/api/document-monitor/clients/register",
    "details": null,
    "context": null
  },
  {
    "id": "02af4cc2-bc25-4d94-95d5-c89738aca617",
    "timestamp": "2025-11-14T10:06:33.396597",
    "project": "PramaIA-Agents",
    "level": "error",
    "module": "document-folder-monitor-agent",
    "message": "\u274c Connessione al server fallita: HTTPConnectionPool(host='localhost', port=8000): Max retries exceeded with url: /api/document-monitor/clients/register (Caused by NewConnectionError('<urllib3.connection.HTTPConnection object at 0x00000217E3906CF0>: Failed to establish a new connection: [WinError 10061] Impossibile stabilire la connessione. Rifiuto persistente del computer di destinazione'))",
    "details": null,
    "context": null
  },
  {
    "id": "6da5eda6-9152-43d7-9561-4cb225816ec4",
    "timestamp": "2025-11-14T10:08:27.436991",
    "project": "PramaIA-Agents",
    "level": "info",
    "module": "document-folder-monitor-agent",
    "message": "Tentativo 25 di registrazione al server: http://localhost:8000/api/document-monitor/clients/register",
    "details": null,
    "context": null
  },
  {
    "id": "9d123211-f0fb-433a-8b0b-d45cc9b43fac",
    "timestamp": "2025-11-14T10:08:31.546023",
    "project": "PramaIA-Agents",
    "level": "error",
    "module": "document-folder-monitor-agent",
    "message": "\u274c Connessione al server fallita: HTTPConnectionPool(host='localhost', port=8000): Max retries exceeded with url: /api/document-monitor/clients/register (Caused by NewConnectionError('<urllib3.connection.HTTPConnection object at 0x00000217E3907F00>: Failed to establish a new connection: [WinError 10061] Impossibile stabilire la connessione. Rifiuto persistente del computer di destinazione'))",
    "details": null,
    "context": null
  },
  {
    "id": "4594cf1f-b116-4f4c-9600-46192a4e2bff",
    "timestamp": "2025-11-14T10:11:29.623398",
    "project": "PramaIA-Agents",
    "level": "info",
    "module": "document-folder-monitor-agent",
    "message": "[MANUTENZIONE] Avvio pulizia eventi duplicati...",
    "details": null,
    "context": null
  },
  {
    "id": "4add9204-3a07-4404-ad00-7470c0f7568c",
    "timestamp": "2025-11-14T10:11:29.623962",
    "project": "PramaIA-Agents",
    "level": "info",
    "module": "document-folder-monitor-agent",
    "message": "Pulizia avanzata degli eventi duplicati...",
    "details": null,
    "context": null
  },
  {
    "id": "5cb96934-27ac-489c-bd10-1cc37c148a2f",
    "timestamp": "2025-11-14T10:11:29.624363",
    "project": "PramaIA-Agents",
    "level": "info",
    "module": "document-folder-monitor-agent",
    "message": "Usando il metodo legacy di pulizia degli eventi duplicati...",
    "details": null,
    "context": null
  },
  {
    "id": "462fb42b-60e2-4a96-bbed-af0566b78ff8",
    "timestamp": "2025-11-14T10:11:29.624667",
    "project": "PramaIA-Agents",
    "level": "debug",
    "module": "document-folder-monitor-agent",
    "message": "[event_maintenance] Tentativo acquisizione lock per _legacy_clean_duplicate_events",
    "details": null,
    "context": null
  },
  {
    "id": "bd2faa71-ee32-4f77-8774-647e5fe6ded4",
    "timestamp": "2025-11-14T10:11:29.624855",
    "project": "PramaIA-Agents",
    "level": "debug",
    "module": "document-folder-monitor-agent",
    "message": "[event_maintenance] Lock acquisito per _legacy_clean_duplicate_events, apertura connessione SQLite",
    "details": null,
    "context": null
  },
  {
    "id": "2ddc588f-cde4-4ad9-85e3-8c0061a7f223",
    "timestamp": "2025-11-14T10:11:29.625669",
    "project": "PramaIA-Agents",
    "level": "debug",
    "module": "document-folder-monitor-agent",
    "message": "[event_maintenance] Connessione SQLite chiusa dopo _legacy_clean_duplicate_events",
    "details": null,
    "context": null
  },
  {
    "id": "2377d722-d848-4f31-a4bc-b3a0db1a249c",
    "timestamp": "2025-11-14T10:11:29.625956",
    "project": "PramaIA-Agents",
    "level": "info",
    "module": "document-folder-monitor-agent",
    "message": "[MANUTENZIONE] Pulizia completata: rimossi 0 eventi duplicati",
    "details": null,
    "context": null
  },
  {
    "id": "cd8c51c1-755f-43c4-8353-447918b48e32",
    "timestamp": "2025-11-14T10:11:29.626321",
    "project": "PramaIA-Agents",
    "level": "info",
    "module": "document-folder-monitor-agent",
    "message": "[MANUTENZIONE] Verifica eventi bloccati...",
    "details": null,
    "context": null
  },
  {
    "id": "b218f455-b727-46b8-a2af-185744e8aad6",
    "timestamp": "2025-11-14T10:11:29.626629",
    "project": "PramaIA-Agents",
    "level": "info",
    "module": "document-folder-monitor-agent",
    "message": "Verifica eventi bloccati (pi\u00f9 vecchi di 2 ore)...",
    "details": null,
    "context": null
  },
  {
    "id": "b3de63f2-1607-457e-ac0e-09133469b363",
    "timestamp": "2025-11-14T10:11:29.626830",
    "project": "PramaIA-Agents",
    "level": "debug",
    "module": "document-folder-monitor-agent",
    "message": "[event_maintenance] Tentativo acquisizione lock per auto_update_stalled_events",
    "details": null,
    "context": null
  },
  {
    "id": "4c458424-90ce-4df2-bc11-db4bd7516480",
    "timestamp": "2025-11-14T10:11:29.626932",
    "project": "PramaIA-Agents",
    "level": "debug",
    "module": "document-folder-monitor-agent",
    "message": "[event_maintenance] Lock acquisito per auto_update_stalled_events, apertura connessione SQLite",
    "details": null,
    "context": null
  },
  {
    "id": "5e6638a1-643d-4918-8591-8e79aaf61b8f",
    "timestamp": "2025-11-14T10:11:29.627557",
    "project": "PramaIA-Agents",
    "level": "debug",
    "module": "document-folder-monitor-agent",
    "message": "[event_maintenance] Connessione SQLite chiusa dopo auto_update_stalled_events",
    "details": null,
    "context": null
  },
  {
    "id": "8137e874-d661-495d-8280-62ff6e72cd4b",
    "timestamp": "2025-11-14T10:11:29.627771",
    "project": "PramaIA-Agents",
    "level": "info",
    "module": "document-folder-monitor-agent",
    "message": "0 eventi bloccati sono stati aggiornati a 'failed'",
    "details": null,
    "context": null
  },
  {
    "id": "697f9a80-9b84-465b-a491-0e09ee8dd5da",
    "timestamp": "2025-11-14T10:11:29.628053",
    "project": "PramaIA-Agents",
    "level": "info",
    "module": "document-folder-monitor-agent",
    "message": "[MANUTENZIONE] Aggiornati 0 eventi bloccati",
    "details": null,
    "context": null
  },
  {
    "id": "c08cc6ba-a9c4-4610-a397-95122a2feeb6",
    "timestamp": "2025-11-14T10:11:29.696403",
    "project": "PramaIA-Agents",
    "level": "info",
    "module": "document-folder-monitor-agent",
    "message": "[MANUTENZIONE] Avvio pulizia eventi duplicati...",
    "details": null,
    "context": null
  },
  {
    "id": "4ecc51f2-5353-4d89-81d5-7d5c64af6e82",
    "timestamp": "2025-11-14T10:11:29.697058",
    "project": "PramaIA-Agents",
    "level": "info",
    "module": "document-folder-monitor-agent",
    "message": "Pulizia avanzata degli eventi duplicati...",
    "details": null,
    "context": null
  },
  {
    "id": "e1d2edf0-e4ca-4212-87a0-ea9d7a277fe0",
    "timestamp": "2025-11-14T10:11:29.697449",
    "project": "PramaIA-Agents",
    "level": "info",
    "module": "document-folder-monitor-agent",
    "message": "Usando il metodo legacy di pulizia degli eventi duplicati...",
    "details": null,
    "context": null
  },
  {
    "id": "ed2f514b-0ab1-4abf-8d8d-0bf165d3dbf1",
    "timestamp": "2025-11-14T10:11:29.697638",
    "project": "PramaIA-Agents",
    "level": "debug",
    "module": "document-folder-monitor-agent",
    "message": "[event_maintenance] Tentativo acquisizione lock per _legacy_clean_duplicate_events",
    "details": null,
    "context": null
  },
  {
    "id": "d8ed5698-0faf-4207-8ed3-0c0a61eb1d3d",
    "timestamp": "2025-11-14T10:11:29.697744",
    "project": "PramaIA-Agents",
    "level": "debug",
    "module": "document-folder-monitor-agent",
    "message": "[event_maintenance] Lock acquisito per _legacy_clean_duplicate_events, apertura connessione SQLite",
    "details": null,
    "context": null
  },
  {
    "id": "abaae199-8885-41b4-a470-21d3b0520f02",
    "timestamp": "2025-11-14T10:11:29.698361",
    "project": "PramaIA-Agents",
    "level": "debug",
    "module": "document-folder-monitor-agent",
    "message": "[event_maintenance] Connessione SQLite chiusa dopo _legacy_clean_duplicate_events",
    "details": null,
    "context": null
  },
  {
    "id": "9768f182-44b9-48fe-b7bd-c8c4240c3b08",
    "timestamp": "2025-11-14T10:11:29.698554",
    "project": "PramaIA-Agents",
    "level": "info",
    "module": "document-folder-monitor-agent",
    "message": "[MANUTENZIONE] Pulizia completata: rimossi 0 eventi duplicati",
    "details": null,
    "context": null
  },
  {
    "id": "000bf4b4-a3f9-4767-a654-89746b4a582b",
    "timestamp": "2025-11-14T10:11:29.698816",
    "project": "PramaIA-Agents",
    "level": "info",
    "module": "document-folder-monitor-agent",
    "message": "[MANUTENZIONE] Verifica eventi bloccati...",
    "details": null,
    "context": null
  },
  {
    "id": "9a0498d5-aa66-4a6b-be89-3e71763b081d",
    "timestamp": "2025-11-14T10:11:29.699086",
    "project": "PramaIA-Agents",
    "level": "info",
    "module": "document-folder-monitor-agent",
    "message": "Verifica eventi bloccati (pi\u00f9 vecchi di 2 ore)...",
    "details": null,
    "context": null
  },
  {
    "id": "ae6b6ed8-45da-41da-8141-6b50ceb46815",
    "timestamp": "2025-11-14T10:11:29.699276",
    "project": "PramaIA-Agents",
    "level": "debug",
    "module": "document-folder-monitor-agent",
    "message": "[event_maintenance] Tentativo acquisizione lock per auto_update_stalled_events",
    "details": null,
    "context": null
  },
  {
    "id": "63684804-324b-4877-bb64-51ca4ee68a24",
    "timestamp": "2025-11-14T10:11:29.699374",
    "project": "PramaIA-Agents",
    "level": "debug",
    "module": "document-folder-monitor-agent",
    "message": "[event_maintenance] Lock acquisito per auto_update_stalled_events, apertura connessione SQLite",
    "details": null,
    "context": null
  },
  {
    "id": "125f754e-1b67-409d-b6fa-390abd4719d5",
    "timestamp": "2025-11-14T10:11:29.700293",
    "project": "PramaIA-Agents",
    "level": "debug",
    "module": "document-folder-monitor-agent",
    "message": "[event_maintenance] Connessione SQLite chiusa dopo auto_update_stalled_events",
    "details": null,
    "context": null
  },
  {
    "id": "5642dd51-b469-449b-9b88-bc2b3cd2a56c",
    "timestamp": "2025-11-14T10:11:29.700843",
    "project": "PramaIA-Agents",
    "level": "info",
    "module": "document-folder-monitor-agent",
    "message": "0 eventi bloccati sono stati aggiornati a 'failed'",
    "details": null,
    "context": null
  },
  {
    "id": "bf64fef6-4a9a-475a-90b8-5994f2f9b255",
    "timestamp": "2025-11-14T10:11:29.701534",
    "project": "PramaIA-Agents",
    "level": "info",
    "module": "document-folder-monitor-agent",
    "message": "[MANUTENZIONE] Aggiornati 0 eventi bloccati",
    "details": null,
    "context": null
  },
  {
    "id": "c5d57380-3e01-4516-b7c7-dd6810d70e94",
    "timestamp": "2025-11-14T10:11:33.397521",
    "project": "PramaIA-Agents",
    "level": "info",
    "module": "document-folder-monitor-agent",
    "message": "Tentativo 26 di registrazione al server: http://localhost:8000/api/document-monitor/clients/register",
    "details": null,
    "context": null
  },
  {
    "id": "ecbf23bc-7c96-4156-b7c1-3f8c431b78ff",
    "timestamp": "2025-11-14T10:11:37.507425",
    "project": "PramaIA-Agents",
    "level": "error",
    "module": "document-folder-monitor-agent",
    "message": "\u274c Connessione al server fallita: HTTPConnectionPool(host='localhost', port=8000): Max retries exceeded with url: /api/document-monitor/clients/register (Caused by NewConnectionError('<urllib3.connection.HTTPConnection object at 0x00000217E3907130>: Failed to establish a new connection: [WinError 10061] Impossibile stabilire la connessione. Rifiuto persistente del computer di destinazione'))",
    "details": null,
    "context": null
  },
  {
    "id": "187e6851-ad48-410a-8104-404b94c2f590",
    "timestamp": "2025-11-14T10:13:31.547166",
    "project": "PramaIA-Agents",
    "level": "info",
    "module": "document-folder-monitor-agent",
    "message": "Tentativo 26 di registrazione al server: http://localhost:8000/api/document-monitor/clients/register",
    "details": null,
    "context": null
  },
  {
    "id": "9257f6a6-bb66-4a77-a2cd-57de0a3061d9",
    "timestamp": "2025-11-14T10:13:35.634625",
    "project": "PramaIA-Agents",
    "level": "error",
    "module": "document-folder-monitor-agent",
    "message": "\u274c Connessione al server fallita: HTTPConnectionPool(host='localhost', port=8000): Max retries exceeded with url: /api/document-monitor/clients/register (Caused by NewConnectionError('<urllib3.connection.HTTPConnection object at 0x00000217E39079B0>: Failed to establish a new connection: [WinError 10061] Impossibile stabilire la connessione. Rifiuto persistente del computer di destinazione'))",
    "details": null,
    "context": null
  },
  {
    "id": "34d134c4-a8da-4c11-8185-f1f3083fa1e5",
    "timestamp": "2025-11-14T10:16:37.508173",
    "project": "PramaIA-Agents",
    "level": "info",
    "module": "document-folder-monitor-agent",
    "message": "Tentativo 27 di registrazione al server: http://localhost:8000/api/document-monitor/clients/register",
    "details": null,
    "context": null
  },
  {
    "id": "f03c6d07-0286-422e-8b34-c4af3bc96619",
    "timestamp": "2025-11-14T10:16:41.640538",
    "project": "PramaIA-Agents",
    "level": "error",
    "module": "document-folder-monitor-agent",
    "message": "\u274c Connessione al server fallita: HTTPConnectionPool(host='localhost', port=8000): Max retries exceeded with url: /api/document-monitor/clients/register (Caused by NewConnectionError('<urllib3.connection.HTTPConnection object at 0x00000217E39079B0>: Failed to establish a new connection: [WinError 10061] Impossibile stabilire la connessione. Rifiuto persistente del computer di destinazione'))",
    "details": null,
    "context": null
  },
  {
    "id": "f6d7fc46-db87-4f62-b338-8c3383c18869",
    "timestamp": "2025-11-14T10:18:35.635155",
    "project": "PramaIA-Agents",
    "level": "info",
    "module": "document-folder-monitor-agent",
    "message": "Tentativo 27 di registrazione al server: http://localhost:8000/api/document-monitor/clients/register",
    "details": null,
    "context": null
  },
  {
    "id": "dde64c81-2cb7-458f-aba1-6386d72daccc",
    "timestamp": "2025-11-14T10:18:39.733941",
    "project": "PramaIA-Agents",
    "level": "error",
    "module": "document-folder-monitor-agent",
    "message": "\u274c Connessione al server fallita: HTTPConnectionPool(host='localhost', port=8000): Max retries exceeded with url: /api/document-monitor/clients/register (Caused by NewConnectionError('<urllib3.connection.HTTPConnection object at 0x00000217E3907CE0>: Failed to establish a new connection: [WinError 10061] Impossibile stabilire la connessione. Rifiuto persistente del computer di destinazione'))",
    "details": null,
    "context": null
  },
  {
    "id": "3b9cc501-1cbc-42b0-b20d-a5eb78d53d7f",
    "timestamp": "2025-11-14T10:21:41.641932",
    "project": "PramaIA-Agents",
    "level": "info",
    "module": "document-folder-monitor-agent",
    "message": "Tentativo 28 di registrazione al server: http://localhost:8000/api/document-monitor/clients/register",
    "details": null,
    "context": null
  },
  {
    "id": "db79e26b-9b0c-413c-95c2-e48435665173",
    "timestamp": "2025-11-14T10:21:45.729607",
    "project": "PramaIA-Agents",
    "level": "error",
    "module": "document-folder-monitor-agent",
    "message": "\u274c Connessione al server fallita: HTTPConnectionPool(host='localhost', port=8000): Max retries exceeded with url: /api/document-monitor/clients/register (Caused by NewConnectionError('<urllib3.connection.HTTPConnection object at 0x00000217E3907F00>: Failed to establish a new connection: [WinError 10061] Impossibile stabilire la connessione. Rifiuto persistente del computer di destinazione'))",
    "details": null,
    "context": null
  },
  {
    "id": "1ca6ddfa-0624-4e0d-a757-4d7766835c17",
    "timestamp": "2025-11-14T10:23:39.734833",
    "project": "PramaIA-Agents",
    "level": "info",
    "module": "document-folder-monitor-agent",
    "message": "Tentativo 28 di registrazione al server: http://localhost:8000/api/document-monitor/clients/register",
    "details": null,
    "context": null
  },
  {
    "id": "7c9de8fc-4173-40f0-9974-0dc684648519",
    "timestamp": "2025-11-14T10:23:43.829317",
    "project": "PramaIA-Agents",
    "level": "error",
    "module": "document-folder-monitor-agent",
    "message": "\u274c Connessione al server fallita: HTTPConnectionPool(host='localhost', port=8000): Max retries exceeded with url: /api/document-monitor/clients/register (Caused by NewConnectionError('<urllib3.connection.HTTPConnection object at 0x00000217E3906CF0>: Failed to establish a new connection: [WinError 10061] Impossibile stabilire la connessione. Rifiuto persistente del computer di destinazione'))",
    "details": null,
    "context": null
  },
  {
    "id": "6f8b0795-5256-4ac6-8563-0d6e55a38523",
    "timestamp": "2025-11-14T10:26:29.628919",
    "project": "PramaIA-Agents",
    "level": "info",
    "module": "document-folder-monitor-agent",
    "message": "[MANUTENZIONE] Avvio pulizia eventi duplicati...",
    "details": null,
    "context": null
  },
  {
    "id": "7b681e85-2aaa-4e0c-9974-a98f6e898ef6",
    "timestamp": "2025-11-14T10:26:29.629456",
    "project": "PramaIA-Agents",
    "level": "info",
    "module": "document-folder-monitor-agent",
    "message": "Pulizia avanzata degli eventi duplicati...",
    "details": null,
    "context": null
  },
  {
    "id": "34169662-e9d8-4b2c-a3b1-b8723bea388b",
    "timestamp": "2025-11-14T10:26:29.629869",
    "project": "PramaIA-Agents",
    "level": "info",
    "module": "document-folder-monitor-agent",
    "message": "Usando il metodo legacy di pulizia degli eventi duplicati...",
    "details": null,
    "context": null
  },
  {
    "id": "d80a93c9-ec6e-48f8-a348-a570a532b916",
    "timestamp": "2025-11-14T10:26:29.630185",
    "project": "PramaIA-Agents",
    "level": "debug",
    "module": "document-folder-monitor-agent",
    "message": "[event_maintenance] Tentativo acquisizione lock per _legacy_clean_duplicate_events",
    "details": null,
    "context": null
  },
  {
    "id": "eaef9591-ff90-4e6e-9fb8-0d350a66854a",
    "timestamp": "2025-11-14T10:26:29.630348",
    "project": "PramaIA-Agents",
    "level": "debug",
    "module": "document-folder-monitor-agent",
    "message": "[event_maintenance] Lock acquisito per _legacy_clean_duplicate_events, apertura connessione SQLite",
    "details": null,
    "context": null
  },
  {
    "id": "cb6bdfcf-5c0e-47d5-880b-e50445d94b7c",
    "timestamp": "2025-11-14T10:26:29.631261",
    "project": "PramaIA-Agents",
    "level": "debug",
    "module": "document-folder-monitor-agent",
    "message": "[event_maintenance] Connessione SQLite chiusa dopo _legacy_clean_duplicate_events",
    "details": null,
    "context": null
  },
  {
    "id": "d71f0535-3f25-46d9-9f99-fd9c7f62df56",
    "timestamp": "2025-11-14T10:26:29.631612",
    "project": "PramaIA-Agents",
    "level": "info",
    "module": "document-folder-monitor-agent",
    "message": "[MANUTENZIONE] Pulizia completata: rimossi 0 eventi duplicati",
    "details": null,
    "context": null
  },
  {
    "id": "1d4168b1-0c7c-4452-a1ed-34fd043be924",
    "timestamp": "2025-11-14T10:26:29.632070",
    "project": "PramaIA-Agents",
    "level": "info",
    "module": "document-folder-monitor-agent",
    "message": "[MANUTENZIONE] Verifica eventi bloccati...",
    "details": null,
    "context": null
  },
  {
    "id": "023ac72c-7e73-4636-8880-270abda2d1f1",
    "timestamp": "2025-11-14T10:26:29.632416",
    "project": "PramaIA-Agents",
    "level": "info",
    "module": "document-folder-monitor-agent",
    "message": "Verifica eventi bloccati (pi\u00f9 vecchi di 2 ore)...",
    "details": null,
    "context": null
  },
  {
    "id": "78469c2b-7b88-414f-a631-94ce885c333f",
    "timestamp": "2025-11-14T10:26:29.632655",
    "project": "PramaIA-Agents",
    "level": "debug",
    "module": "document-folder-monitor-agent",
    "message": "[event_maintenance] Tentativo acquisizione lock per auto_update_stalled_events",
    "details": null,
    "context": null
  },
  {
    "id": "6a33def1-14ab-4e2c-8fbc-eb48dfffae50",
    "timestamp": "2025-11-14T10:26:29.632773",
    "project": "PramaIA-Agents",
    "level": "debug",
    "module": "document-folder-monitor-agent",
    "message": "[event_maintenance] Lock acquisito per auto_update_stalled_events, apertura connessione SQLite",
    "details": null,
    "context": null
  },
  {
    "id": "7c3e7f42-4119-4cca-b754-280c2445a4b5",
    "timestamp": "2025-11-14T10:26:29.633298",
    "project": "PramaIA-Agents",
    "level": "debug",
    "module": "document-folder-monitor-agent",
    "message": "[event_maintenance] Connessione SQLite chiusa dopo auto_update_stalled_events",
    "details": null,
    "context": null
  },
  {
    "id": "13a52763-6171-4318-b446-d2146cc9d762",
    "timestamp": "2025-11-14T10:26:29.633487",
    "project": "PramaIA-Agents",
    "level": "info",
    "module": "document-folder-monitor-agent",
    "message": "0 eventi bloccati sono stati aggiornati a 'failed'",
    "details": null,
    "context": null
  },
  {
    "id": "0550c853-4056-44d7-9e3b-c5c84299d9b7",
    "timestamp": "2025-11-14T10:26:29.633811",
    "project": "PramaIA-Agents",
    "level": "info",
    "module": "document-folder-monitor-agent",
    "message": "[MANUTENZIONE] Aggiornati 0 eventi bloccati",
    "details": null,
    "context": null
  },
  {
    "id": "97383fce-14a2-4e91-b5e0-342b10865c36",
    "timestamp": "2025-11-14T10:26:29.703249",
    "project": "PramaIA-Agents",
    "level": "info",
    "module": "document-folder-monitor-agent",
    "message": "[MANUTENZIONE] Avvio pulizia eventi duplicati...",
    "details": null,
    "context": null
  },
  {
    "id": "f31aa13e-4195-4779-88e1-6823b5cb31bc",
    "timestamp": "2025-11-14T10:26:29.703995",
    "project": "PramaIA-Agents",
    "level": "info",
    "module": "document-folder-monitor-agent",
    "message": "Pulizia avanzata degli eventi duplicati...",
    "details": null,
    "context": null
  },
  {
    "id": "21466141-864e-486f-b522-31f430b8ad13",
    "timestamp": "2025-11-14T10:26:29.704292",
    "project": "PramaIA-Agents",
    "level": "info",
    "module": "document-folder-monitor-agent",
    "message": "Usando il metodo legacy di pulizia degli eventi duplicati...",
    "details": null,
    "context": null
  },
  {
    "id": "77b9e743-f31f-496e-94cc-5a81c906e01f",
    "timestamp": "2025-11-14T10:26:29.704502",
    "project": "PramaIA-Agents",
    "level": "debug",
    "module": "document-folder-monitor-agent",
    "message": "[event_maintenance] Tentativo acquisizione lock per _legacy_clean_duplicate_events",
    "details": null,
    "context": null
  },
  {
    "id": "266970b9-8692-492f-89b6-e5e599f9a76b",
    "timestamp": "2025-11-14T10:26:29.704607",
    "project": "PramaIA-Agents",
    "level": "debug",
    "module": "document-folder-monitor-agent",
    "message": "[event_maintenance] Lock acquisito per _legacy_clean_duplicate_events, apertura connessione SQLite",
    "details": null,
    "context": null
  },
  {
    "id": "c9dc7af1-88d3-46ce-9582-5efbb5e7fe5d",
    "timestamp": "2025-11-14T10:26:29.705328",
    "project": "PramaIA-Agents",
    "level": "debug",
    "module": "document-folder-monitor-agent",
    "message": "[event_maintenance] Connessione SQLite chiusa dopo _legacy_clean_duplicate_events",
    "details": null,
    "context": null
  },
  {
    "id": "35b127d4-e902-49a0-8fae-d1909e3be580",
    "timestamp": "2025-11-14T10:26:29.705525",
    "project": "PramaIA-Agents",
    "level": "info",
    "module": "document-folder-monitor-agent",
    "message": "[MANUTENZIONE] Pulizia completata: rimossi 0 eventi duplicati",
    "details": null,
    "context": null
  },
  {
    "id": "2f9cb9bd-f7cb-4025-8f91-1caee613b6e1",
    "timestamp": "2025-11-14T10:26:29.705803",
    "project": "PramaIA-Agents",
    "level": "info",
    "module": "document-folder-monitor-agent",
    "message": "[MANUTENZIONE] Verifica eventi bloccati...",
    "details": null,
    "context": null
  },
  {
    "id": "f67ac760-22a9-4417-b5a8-867bbf28bed0",
    "timestamp": "2025-11-14T10:26:29.706235",
    "project": "PramaIA-Agents",
    "level": "info",
    "module": "document-folder-monitor-agent",
    "message": "Verifica eventi bloccati (pi\u00f9 vecchi di 2 ore)...",
    "details": null,
    "context": null
  },
  {
    "id": "8376ee2d-fc2d-4b96-9001-77be0efbe6c1",
    "timestamp": "2025-11-14T10:26:29.706555",
    "project": "PramaIA-Agents",
    "level": "debug",
    "module": "document-folder-monitor-agent",
    "message": "[event_maintenance] Tentativo acquisizione lock per auto_update_stalled_events",
    "details": null,
    "context": null
  },
  {
    "id": "92d59980-4383-4fda-a981-c78678c307cf",
    "timestamp": "2025-11-14T10:26:29.706675",
    "project": "PramaIA-Agents",
    "level": "debug",
    "module": "document-folder-monitor-agent",
    "message": "[event_maintenance] Lock acquisito per auto_update_stalled_events, apertura connessione SQLite",
    "details": null,
    "context": null
  },
  {
    "id": "b86b6368-47a1-449c-b44d-0284b7fe11f1",
    "timestamp": "2025-11-14T10:26:29.707393",
    "project": "PramaIA-Agents",
    "level": "debug",
    "module": "document-folder-monitor-agent",
    "message": "[event_maintenance] Connessione SQLite chiusa dopo auto_update_stalled_events",
    "details": null,
    "context": null
  },
  {
    "id": "9697e20e-72b2-4c0f-ba32-a14da187c490",
    "timestamp": "2025-11-14T10:26:29.707695",
    "project": "PramaIA-Agents",
    "level": "info",
    "module": "document-folder-monitor-agent",
    "message": "0 eventi bloccati sono stati aggiornati a 'failed'",
    "details": null,
    "context": null
  },
  {
    "id": "0b6860a1-d53e-4077-8bf6-50aa992e5b08",
    "timestamp": "2025-11-14T10:26:29.708044",
    "project": "PramaIA-Agents",
    "level": "info",
    "module": "document-folder-monitor-agent",
    "message": "[MANUTENZIONE] Aggiornati 0 eventi bloccati",
    "details": null,
    "context": null
  },
  {
    "id": "0399b2fa-5e8a-4871-85a3-a7676701d757",
    "timestamp": "2025-11-14T10:26:45.730420",
    "project": "PramaIA-Agents",
    "level": "info",
    "module": "document-folder-monitor-agent",
    "message": "Tentativo 29 di registrazione al server: http://localhost:8000/api/document-monitor/clients/register",
    "details": null,
    "context": null
  },
  {
    "id": "ab4b395e-df4a-493c-9daf-556365ee47c1",
    "timestamp": "2025-11-14T10:26:46.203662",
    "project": "PramaIA-Agents",
    "level": "info",
    "module": "document-folder-monitor-agent",
    "message": "Found 1 actively monitored folders",
    "details": {
      "folder_count": 1,
      "service": "reconciliation"
    },
    "context": null
  },
  {
    "id": "dfc14740-48d5-4973-870e-975596adf32a",
    "timestamp": "2025-11-14T10:26:46.204002",
    "project": "PramaIA-Agents",
    "level": "info",
    "module": "document-folder-monitor-agent",
    "message": "Sincronizzazione periodica per 1 cartelle attivamente monitorate",
    "details": {
      "folder_count": 1,
      "service": "reconciliation"
    },
    "context": null
  },
  {
    "id": "324bbcaa-94b6-47e2-a6f8-f1509e1f6321",
    "timestamp": "2025-11-14T10:26:46.204416",
    "project": "PramaIA-Agents",
    "level": "info",
    "module": "document-folder-monitor-agent",
    "message": "Avvio sincronizzazione periodica per cartella: D:\\TestPramaIA",
    "details": {
      "folder": "D:\\TestPramaIA",
      "service": "reconciliation"
    },
    "context": null
  },
  {
    "id": "ef8c37f2-73f0-4238-bc98-206a9c92b4f7",
    "timestamp": "2025-11-14T10:26:46.204758",
    "project": "PramaIA-Agents",
    "level": "info",
    "module": "document-folder-monitor-agent",
    "message": "Starting reconciliation for folder: D:\\TestPramaIA",
    "details": {
      "folder": "D:\\TestPramaIA",
      "service": "reconciliation"
    },
    "context": null
  },
  {
    "id": "573fd4bd-ac0f-40ad-b10e-c7a42634bc16",
    "timestamp": "2025-11-14T10:26:46.205107",
    "project": "PramaIA-Agents",
    "level": "info",
    "module": "document-folder-monitor-agent",
    "message": "Scanning filesystem for folder: D:\\TestPramaIA",
    "details": {
      "folder": "D:\\TestPramaIA",
      "service": "reconciliation"
    },
    "context": null
  },
  {
    "id": "34aff27f-89ec-4549-a40d-51a3762267f7",
    "timestamp": "2025-11-14T10:26:46.206808",
    "project": "PramaIA-Agents",
    "level": "info",
    "module": "document-folder-monitor-agent",
    "message": "Filesystem scan completed. Found 1 files",
    "details": {
      "folder": "D:\\TestPramaIA",
      "file_count": 1,
      "service": "reconciliation"
    },
    "context": null
  },
  {
    "id": "56de88f9-e388-4de4-9d97-bb49abb21392",
    "timestamp": "2025-11-14T10:26:46.207080",
    "project": "PramaIA-Agents",
    "level": "info",
    "module": "document-folder-monitor-agent",
    "message": "\u270f\ufe0f File modificato: test.txt",
    "details": {
      "file_name": "test.txt",
      "file_path": "D:\\TestPramaIA\\test.txt",
      "relative_path": "test.txt",
      "file_size": 21,
      "event_type": "modified"
    },
    "context": null
  },
  {
    "id": "bab3b5e2-a578-4f6e-95ae-67a411d48c11",
    "timestamp": "2025-11-14T10:26:46.207367",
    "project": "PramaIA-Agents",
    "level": "info",
    "module": "document-folder-monitor-agent",
    "message": "\u270f\ufe0f File modificato: test.txt",
    "details": {
      "file_name": "test.txt",
      "file_path": "D:\\TestPramaIA\\test.txt",
      "relative_path": "test.txt",
      "file_size": 21,
      "event_type": "modified"
    },
    "context": null
  },
  {
    "id": "eb2418ec-d745-4a55-851d-0627bb065cae",
    "timestamp": "2025-11-14T10:26:46.207895",
    "project": "PramaIA-Agents",
    "level": "lifecycle",
    "module": "document-folder-monitor-agent",
    "message": "\ud83d\udd04 [LIFECYCLE] Documento modificato (updated): test.txt, percorso: D:\\TestPramaIA\\test.txt",
    "details": {
      "document_id": "test.txt",
      "file_path": "D:\\TestPramaIA\\test.txt",
      "modification_type": "updated",
      "lifecycle_event": "document_modified",
      "file_size": 21,
      "relative_path": "test.txt",
      "log_type": "lifecycle"
    },
    "context": null
  },
  {
    "id": "96485a6a-a796-4a56-902c-b8b012639805",
    "timestamp": "2025-11-14T10:26:46.208876",
    "project": "PramaIA-Agents",
    "level": "info",
    "module": "document-folder-monitor-agent",
    "message": "Getting vectorstore state for folder: D:\\TestPramaIA",
    "details": {
      "folder": "D:\\TestPramaIA",
      "service": "reconciliation"
    },
    "context": null
  },
  {
    "id": "6980b00d-35dd-467c-86be-24f504041499",
    "timestamp": "2025-11-14T10:26:49.801689",
    "project": "PramaIA-Agents",
    "level": "error",
    "module": "document-folder-monitor-agent",
    "message": "\u274c Connessione al server fallita: HTTPConnectionPool(host='localhost', port=8000): Max retries exceeded with url: /api/document-monitor/clients/register (Caused by NewConnectionError('<urllib3.connection.HTTPConnection object at 0x00000217E3907680>: Failed to establish a new connection: [WinError 10061] Impossibile stabilire la connessione. Rifiuto persistente del computer di destinazione'))",
    "details": null,
    "context": null
  },
  {
    "id": "7c5621c9-c596-4f2c-bd4e-2a84a35dd9b4",
    "timestamp": "2025-11-14T10:26:50.286327",
    "project": "PramaIA-Agents",
    "level": "error",
    "module": "document-folder-monitor-agent",
    "message": "Error getting vectorstore state for D:\\TestPramaIA: HTTPConnectionPool(host='localhost', port=8000): Max retries exceeded with url: /api/folders/state?path=D%3A/TestPramaIA (Caused by NewConnectionError('<urllib3.connection.HTTPConnection object at 0x00000217E3907570>: Failed to establish a new connection: [WinError 10061] Impossibile stabilire la connessione. Rifiuto persistente del computer di destinazione'))",
    "details": {
      "folder": "D:\\TestPramaIA",
      "error": "HTTPConnectionPool(host='localhost', port=8000): Max retries exceeded with url: /api/folders/state?path=D%3A/TestPramaIA (Caused by NewConnectionError('<urllib3.connection.HTTPConnection object at 0x00000217E3907570>: Failed to establish a new connection: [WinError 10061] Impossibile stabilire la connessione. Rifiuto persistente del computer di destinazione'))",
      "service": "reconciliation"
    },
    "context": null
  },
  {
    "id": "d640fdb1-8389-412e-8aaa-2c0270e01daa",
    "timestamp": "2025-11-14T10:26:50.286687",
    "project": "PramaIA-Agents",
    "level": "info",
    "module": "document-folder-monitor-agent",
    "message": "Calculating differences between filesystem and vectorstore",
    "details": {
      "folder": "D:\\TestPramaIA",
      "service": "reconciliation"
    },
    "context": null
  },
  {
    "id": "dff5405a-4bc0-4e6c-a4cf-7d1eaed1224d",
    "timestamp": "2025-11-14T10:26:50.287101",
    "project": "PramaIA-Agents",
    "level": "info",
    "module": "document-folder-monitor-agent",
    "message": "Diff summary: 1 new files, 0 deleted files, 0 modified files, 0 metadata changes",
    "details": {
      "folder": "D:\\TestPramaIA",
      "new_files": 1,
      "deleted_files": 0,
      "modified_files": 0,
      "metadata_changes": 0,
      "service": "reconciliation"
    },
    "context": null
  },
  {
    "id": "2551b5c3-248f-48dc-b03a-13720a498bce",
    "timestamp": "2025-11-14T10:26:50.287417",
    "project": "PramaIA-Agents",
    "level": "info",
    "module": "document-folder-monitor-agent",
    "message": "Adding missing file to vectorstore: D:\\TestPramaIA\\test.txt",
    "details": {
      "file_path": "D:\\TestPramaIA\\test.txt",
      "service": "reconciliation"
    },
    "context": null
  },
  {
    "id": "622fbb4c-d4cc-4175-b2ad-89ca5a4b49f7",
    "timestamp": "2025-11-14T10:26:50.287671",
    "project": "PramaIA-Agents",
    "level": "lifecycle",
    "module": "document-folder-monitor-agent",
    "message": "\ud83d\udd04 [LIFECYCLE] Inizio elaborazione documento 'test.txt'",
    "details": {
      "lifecycle_event": "START_PROCESSING",
      "log_type": "lifecycle",
      "file_name": "test.txt",
      "file_path": "D:\\TestPramaIA\\test.txt",
      "status": "iniziato",
      "action": "reconciliation_add",
      "filter_action": "process_full"
    },
    "context": null
  },
  {
    "id": "aa79d347-15a7-4054-8804-40ef5cf5350b",
    "timestamp": "2025-11-14T10:26:50.287786",
    "project": "PramaIA-Agents",
    "level": "debug",
    "module": "document-folder-monitor-agent",
    "message": "[event_queries] Tentativo acquisizione lock per find_event_by_filename (test.txt)",
    "details": null,
    "context": null
  },
  {
    "id": "a1464ee6-8590-45bc-984a-01ca2dbcc270",
    "timestamp": "2025-11-14T10:26:50.287911",
    "project": "PramaIA-Agents",
    "level": "debug",
    "module": "document-folder-monitor-agent",
    "message": "[event_queries] Lock acquisito per find_event_by_filename (test.txt), apertura connessione SQLite",
    "details": null,
    "context": null
  },
  {
    "id": "af8ec308-b39c-4ee3-87b8-be37289d37e1",
    "timestamp": "2025-11-14T10:26:50.288638",
    "project": "PramaIA-Agents",
    "level": "debug",
    "module": "document-folder-monitor-agent",
    "message": "[event_queries] Connessione SQLite chiusa dopo find_event_by_filename (test.txt)",
    "details": null,
    "context": null
  },
  {
    "id": "86aac21e-5f64-4cc4-a60c-0f5f2106b2f8",
    "timestamp": "2025-11-14T10:26:50.288818",
    "project": "PramaIA-Agents",
    "level": "debug",
    "module": "document-folder-monitor-agent",
    "message": "Aggiornamento stato evento 24 a 'processing', document_id: None",
    "details": null,
    "context": null
  },
  {
    "id": "e27d6824-b23c-4dd1-a10b-bdbb703cc48d",
    "timestamp": "2025-11-14T10:26:50.288946",
    "project": "PramaIA-Agents",
    "level": "debug",
    "module": "document-folder-monitor-agent",
    "message": "[event_queries] Tentativo acquisizione lock per update_event_status",
    "details": null,
    "context": null
  },
  {
    "id": "ef22e5dd-e34d-43d0-a165-e9a84920d8c0",
    "timestamp": "2025-11-14T10:26:50.289101",
    "project": "PramaIA-Agents",
    "level": "debug",
    "module": "document-folder-monitor-agent",
    "message": "[event_queries] Lock acquisito per update_event_status, apertura connessione SQLite",
    "details": null,
    "context": null
  },
  {
    "id": "05db3b0c-d20f-4110-ac9f-cfcd5e973e0e",
    "timestamp": "2025-11-14T10:26:50.289585",
    "project": "PramaIA-Agents",
    "level": "debug",
    "module": "document-folder-monitor-agent",
    "message": "Stato attuale evento 24: 'failed', document_id attuale: doc_4245b7e11df65500",
    "details": null,
    "context": null
  },
  {
    "id": "8f418b71-af11-402a-b51f-706fcfdad1a2",
    "timestamp": "2025-11-14T10:26:50.289697",
    "project": "PramaIA-Agents",
    "level": "debug",
    "module": "document-folder-monitor-agent",
    "message": "Query SQL: UPDATE events SET status = ? WHERE id = ? con parametri ['processing', 24]",
    "details": null,
    "context": null
  },
  {
    "id": "b30f664d-405d-4400-bae9-9b582ddf309a",
    "timestamp": "2025-11-14T10:26:50.292502",
    "project": "PramaIA-Agents",
    "level": "debug",
    "module": "document-folder-monitor-agent",
    "message": "Aggiornamento stato evento 24 completato: True",
    "details": null,
    "context": null
  },
  {
    "id": "518d05fe-39e3-49a4-9c42-960b230c9d07",
    "timestamp": "2025-11-14T10:26:50.292642",
    "project": "PramaIA-Agents",
    "level": "debug",
    "module": "document-folder-monitor-agent",
    "message": "[event_queries] Connessione SQLite chiusa dopo update_event_status",
    "details": null,
    "context": null
  },
  {
    "id": "9f716c97-829b-4dd3-b998-b0b89bf62577",
    "timestamp": "2025-11-14T10:26:50.292814",
    "project": "PramaIA-Agents",
    "level": "lifecycle",
    "module": "document-folder-monitor-agent",
    "message": "\ud83d\udd04 [LIFECYCLE] Evento aggiornato a 'processing' per 'test.txt'",
    "details": {
      "lifecycle_event": "EVENT_STATUS",
      "file_name": "test.txt",
      "file_path": "D:\\TestPramaIA\\test.txt",
      "status": "processing",
      "event_id": 24,
      "log_type": "lifecycle"
    },
    "context": null
  },
  {
    "id": "2b081a43-aea5-4d3c-bea7-7063ec5fcd34",
    "timestamp": "2025-11-14T10:26:50.293043",
    "project": "PramaIA-Agents",
    "level": "debug",
    "module": "document-folder-monitor-agent",
    "message": "Percorso database hash convertito ad assoluto: C:\\PramaIA\\PramaIA-Agents\\document-folder-monitor-agent\\data/file_hashes.db",
    "details": null,
    "context": null
  },
  {
    "id": "396e62ec-ead3-45a9-b04d-29d8fe145f54",
    "timestamp": "2025-11-14T10:26:50.293170",
    "project": "PramaIA-Agents",
    "level": "debug",
    "module": "document-folder-monitor-agent",
    "message": "Inizializzazione FileHashTracker con database: C:\\PramaIA\\PramaIA-Agents\\document-folder-monitor-agent\\data/file_hashes.db",
    "details": null,
    "context": null
  },
  {
    "id": "5144b449-fa70-4207-99aa-04d9c566caf3",
    "timestamp": "2025-11-14T10:26:50.293708",
    "project": "PramaIA-Agents",
    "level": "lifecycle",
    "module": "document-folder-monitor-agent",
    "message": "\ud83d\udd04 [LIFECYCLE] Hash trovato nel database per 'test.txt'",
    "details": {
      "lifecycle_event": "HASH_CHECK",
      "file_name": "test.txt",
      "file_path": "D:\\TestPramaIA\\test.txt",
      "status": "trovato",
      "hash_value": "D:\\TestPramaIA:21:1759786596.6260843:729b41995c466ab5c5194b4e943f48ff",
      "log_type": "lifecycle"
    },
    "context": null
  },
  {
    "id": "0e7b842d-1ff0-476e-be55-8af2d6ad716f",
    "timestamp": "2025-11-14T10:26:50.294163",
    "project": "PramaIA-Agents",
    "level": "info",
    "module": "document-folder-monitor-agent",
    "message": "\ud83d\udce4 Invio richiesta al backend per 'test.txt'",
    "details": {
      "operation": "backend_request",
      "request_type": "upload",
      "file_name": "test.txt",
      "file_path": "D:\\TestPramaIA\\test.txt",
      "payload": "{'action': 'reconciliation_add', 'full_path': 'D:\\\\TestPramaIA\\\\test.txt', 'relative_path': 'test.txt', 'filter_action': 'process_full', 'extract_metadata': 'true', 'filter_name': 'unknown', 'should_process_content': True}"
    },
    "context": null
  },
  {
    "id": "1ae06f5b-e05c-4d0f-88ae-ceec280734f6",
    "timestamp": "2025-11-14T10:26:50.301789",
    "project": "PramaIA-Agents",
    "level": "lifecycle",
    "module": "document-folder-monitor-agent",
    "message": "\ud83d\udd04 [LIFECYCLE] Re-invio file modificato: test.txt",
    "details": {
      "lifecycle_event": "REUPLOAD_DECISION",
      "log_type": "lifecycle",
      "file_name": "test.txt",
      "file_path": "D:\\TestPramaIA\\test.txt",
      "decision": "reupload",
      "filter_decision": {
        "should_upload": true,
        "should_process_content": true,
        "action": "process_full",
        "extract_metadata": [
          "filename",
          "size",
          "modified_date",
          "path"
        ],
        "reason": "Fallback - safe document"
      }
    },
    "context": null
  },
  {
    "id": "f708dd0a-c6b3-4094-8cc7-aac760c5e896",
    "timestamp": "2025-11-14T10:26:50.302056",
    "project": "PramaIA-Agents",
    "level": "debug",
    "module": "document-folder-monitor-agent",
    "message": "[event_queries] Tentativo acquisizione lock per find_event_by_filename (test.txt)",
    "details": null,
    "context": null
  },
  {
    "id": "25b96650-3d67-425d-a866-c7473d7ea120",
    "timestamp": "2025-11-14T10:26:50.302181",
    "project": "PramaIA-Agents",
    "level": "debug",
    "module": "document-folder-monitor-agent",
    "message": "[event_queries] Lock acquisito per find_event_by_filename (test.txt), apertura connessione SQLite",
    "details": null,
    "context": null
  },
  {
    "id": "ac5a09f6-4b1b-458d-9cb7-c5f6b8b6408a",
    "timestamp": "2025-11-14T10:26:50.302704",
    "project": "PramaIA-Agents",
    "level": "debug",
    "module": "document-folder-monitor-agent",
    "message": "[event_queries] Connessione SQLite chiusa dopo find_event_by_filename (test.txt)",
    "details": null,
    "context": null
  },
  {
    "id": "8d8b19c2-3f52-4cac-88c6-2ff758fe74fa",
    "timestamp": "2025-11-14T10:26:50.302825",
    "project": "PramaIA-Agents",
    "level": "debug",
    "module": "document-folder-monitor-agent",
    "message": "Aggiornamento stato evento 24 a 'processing', document_id: None",
    "details": null,
    "context": null
  },
  {
    "id": "35d99c0b-8036-4cd2-8fe6-ccd34c894bd9",
    "timestamp": "2025-11-14T10:26:50.302930",
    "project": "PramaIA-Agents",
    "level": "debug",
    "module": "document-folder-monitor-agent",
    "message": "[event_queries] Tentativo acquisizione lock per update_event_status",
    "details": null,
    "context": null
  },
  {
    "id": "aa8f2ebb-8cac-4bb8-bbc7-4e7089754928",
    "timestamp": "2025-11-14T10:26:50.303041",
    "project": "PramaIA-Agents",
    "level": "debug",
    "module": "document-folder-monitor-agent",
    "message": "[event_queries] Lock acquisito per update_event_status, apertura connessione SQLite",
    "details": null,
    "context": null
  },
  {
    "id": "adb3a175-6d66-47eb-b12f-783f5215a80b",
    "timestamp": "2025-11-14T10:26:50.303632",
    "project": "PramaIA-Agents",
    "level": "debug",
    "module": "document-folder-monitor-agent",
    "message": "Stato attuale evento 24: 'processing', document_id attuale: doc_4245b7e11df65500",
    "details": null,
    "context": null
  },
  {
    "id": "51d05047-69ae-4ea2-be0f-e244e7c8aaac",
    "timestamp": "2025-11-14T10:26:50.303805",
    "project": "PramaIA-Agents",
    "level": "debug",
    "module": "document-folder-monitor-agent",
    "message": "Query SQL: UPDATE events SET status = ? WHERE id = ? con parametri ['processing', 24]",
    "details": null,
    "context": null
  },
  {
    "id": "c0b3883b-9c10-4bb4-b3cf-c2b8d689afac",
    "timestamp": "2025-11-14T10:26:50.304159",
    "project": "PramaIA-Agents",
    "level": "debug",
    "module": "document-folder-monitor-agent",
    "message": "Aggiornamento stato evento 24 completato: True",
    "details": null,
    "context": null
  },
  {
    "id": "bcfad1eb-b0ad-40d4-8e34-0b19629f475a",
    "timestamp": "2025-11-14T10:26:50.304292",
    "project": "PramaIA-Agents",
    "level": "debug",
    "module": "document-folder-monitor-agent",
    "message": "[event_queries] Connessione SQLite chiusa dopo update_event_status",
    "details": null,
    "context": null
  },
  {
    "id": "4fa5a310-e579-42f0-9ae8-98e80171313f",
    "timestamp": "2025-11-14T10:26:50.304613",
    "project": "PramaIA-Agents",
    "level": "debug",
    "module": "document-folder-monitor-agent",
    "message": "Percorso database hash convertito ad assoluto: C:\\PramaIA\\PramaIA-Agents\\document-folder-monitor-agent\\data/file_hashes.db",
    "details": null,
    "context": null
  },
  {
    "id": "a41bf9f7-949a-4c12-bf12-c64a9d615e5e",
    "timestamp": "2025-11-14T10:26:50.304725",
    "project": "PramaIA-Agents",
    "level": "debug",
    "module": "document-folder-monitor-agent",
    "message": "Inizializzazione FileHashTracker con database: C:\\PramaIA\\PramaIA-Agents\\document-folder-monitor-agent\\data/file_hashes.db",
    "details": null,
    "context": null
  },
  {
    "id": "981d5b11-1298-4148-9773-e19e2a762e6a",
    "timestamp": "2025-11-14T10:26:50.305624",
    "project": "PramaIA-Agents",
    "level": "info",
    "module": "document-folder-monitor-agent",
    "message": "\ud83d\udce4 Invio richiesta al backend per 'test.txt'",
    "details": {
      "operation": "backend_request",
      "request_type": "upload",
      "file_name": "test.txt",
      "file_path": "D:\\TestPramaIA\\test.txt",
      "payload": "{'action': 'modified', 'full_path': 'D:\\\\TestPramaIA\\\\test.txt', 'relative_path': 'test.txt', 'filter_action': 'process_full', 'extract_metadata': '[\"filename\", \"size\", \"modified_date\", \"path\"]', 'filter_name': 'unknown', 'should_process_content': True}"
    },
    "context": null
  },
  {
    "id": "63c5777a-e75c-4d20-8bd0-bb97cd0c641b",
    "timestamp": "2025-11-14T10:26:50.317909",
    "project": "PramaIA-Agents",
    "level": "debug",
    "module": "document-folder-monitor-agent",
    "message": "[event_queries] Tentativo acquisizione lock per find_event_by_filename (test.txt)",
    "details": null,
    "context": null
  },
  {
    "id": "f79dbe4c-6f5c-405e-97ff-b93869f0abef",
    "timestamp": "2025-11-14T10:26:50.318092",
    "project": "PramaIA-Agents",
    "level": "debug",
    "module": "document-folder-monitor-agent",
    "message": "[event_queries] Lock acquisito per find_event_by_filename (test.txt), apertura connessione SQLite",
    "details": null,
    "context": null
  },
  {
    "id": "67a46f30-1c80-4ead-92f8-cd806de27d0f",
    "timestamp": "2025-11-14T10:26:50.318751",
    "project": "PramaIA-Agents",
    "level": "debug",
    "module": "document-folder-monitor-agent",
    "message": "[event_queries] Connessione SQLite chiusa dopo find_event_by_filename (test.txt)",
    "details": null,
    "context": null
  },
  {
    "id": "226c4349-3017-41ee-8bee-0d1cefadb9dc",
    "timestamp": "2025-11-14T10:26:50.318884",
    "project": "PramaIA-Agents",
    "level": "debug",
    "module": "document-folder-monitor-agent",
    "message": "Aggiornamento stato evento 24 a 'processing', document_id: None",
    "details": null,
    "context": null
  },
  {
    "id": "5be8bbe1-9df9-4c22-bb01-a281c0bd94be",
    "timestamp": "2025-11-14T10:26:50.319029",
    "project": "PramaIA-Agents",
    "level": "debug",
    "module": "document-folder-monitor-agent",
    "message": "[event_queries] Tentativo acquisizione lock per update_event_status",
    "details": null,
    "context": null
  },
  {
    "id": "a66f2d88-29c6-4f09-a175-7ab69300dc32",
    "timestamp": "2025-11-14T10:26:50.319134",
    "project": "PramaIA-Agents",
    "level": "debug",
    "module": "document-folder-monitor-agent",
    "message": "[event_queries] Lock acquisito per update_event_status, apertura connessione SQLite",
    "details": null,
    "context": null
  },
  {
    "id": "f6773003-e1e5-48a4-9543-09bdba09e551",
    "timestamp": "2025-11-14T10:26:50.319578",
    "project": "PramaIA-Agents",
    "level": "debug",
    "module": "document-folder-monitor-agent",
    "message": "Stato attuale evento 24: 'processing', document_id attuale: doc_4245b7e11df65500",
    "details": null,
    "context": null
  },
  {
    "id": "8ee7dec9-3de9-4d63-925b-a19974bf57b0",
    "timestamp": "2025-11-14T10:26:50.319700",
    "project": "PramaIA-Agents",
    "level": "debug",
    "module": "document-folder-monitor-agent",
    "message": "Query SQL: UPDATE events SET status = ? WHERE id = ? con parametri ['processing', 24]",
    "details": null,
    "context": null
  },
  {
    "id": "6a97c36e-c719-4e6a-8b5a-36b22ce393dc",
    "timestamp": "2025-11-14T10:26:50.319928",
    "project": "PramaIA-Agents",
    "level": "debug",
    "module": "document-folder-monitor-agent",
    "message": "Aggiornamento stato evento 24 completato: True",
    "details": null,
    "context": null
  },
  {
    "id": "fe503879-d224-4686-ba31-9c3d0062a345",
    "timestamp": "2025-11-14T10:26:50.320033",
    "project": "PramaIA-Agents",
    "level": "debug",
    "module": "document-folder-monitor-agent",
    "message": "[event_queries] Connessione SQLite chiusa dopo update_event_status",
    "details": null,
    "context": null
  },
  {
    "id": "a17716ba-d948-4124-9cb0-e4f420f2bdec",
    "timestamp": "2025-11-14T10:26:50.320309",
    "project": "PramaIA-Agents",
    "level": "debug",
    "module": "document-folder-monitor-agent",
    "message": "Percorso database hash convertito ad assoluto: C:\\PramaIA\\PramaIA-Agents\\document-folder-monitor-agent\\data/file_hashes.db",
    "details": null,
    "context": null
  },
  {
    "id": "e99fffcf-a12a-4dbb-a883-43d456403bd8",
    "timestamp": "2025-11-14T10:26:50.320412",
    "project": "PramaIA-Agents",
    "level": "debug",
    "module": "document-folder-monitor-agent",
    "message": "Inizializzazione FileHashTracker con database: C:\\PramaIA\\PramaIA-Agents\\document-folder-monitor-agent\\data/file_hashes.db",
    "details": null,
    "context": null
  },
  {
    "id": "9124f813-2585-4dad-8dd5-3ef7846f9d44",
    "timestamp": "2025-11-14T10:26:50.321484",
    "project": "PramaIA-Agents",
    "level": "info",
    "module": "document-folder-monitor-agent",
    "message": "\ud83d\udce4 Invio richiesta al backend per 'test.txt'",
    "details": {
      "operation": "backend_request",
      "request_type": "upload",
      "file_name": "test.txt",
      "file_path": "D:\\TestPramaIA\\test.txt",
      "payload": "{'action': 'modified', 'full_path': 'D:\\\\TestPramaIA\\\\test.txt', 'relative_path': 'test.txt', 'filter_action': 'process_full', 'extract_metadata': '[\"filename\", \"size\", \"modified_date\", \"path\"]', 'filter_name': 'unknown', 'should_process_content': True}"
    },
    "context": null
  },
  {
    "id": "96e5a4f8-5cb3-499f-9a67-cf8ffaee92d6",
    "timestamp": "2025-11-14T10:26:54.375848",
    "project": "PramaIA-Agents",
    "level": "error",
    "module": "document-folder-monitor-agent",
    "message": "\u274c Errore durante invio file D:\\TestPramaIA\\test.txt: HTTPConnectionPool(host='localhost', port=8000): Max retries exceeded with url: /api/document-monitor/upload/ (Caused by NewConnectionError('<urllib3.connection.HTTPConnection object at 0x00000217E3907130>: Failed to establish a new connection: [WinError 10061] Impossibile stabilire la connessione. Rifiuto persistente del computer di destinazione'))",
    "details": {
      "file_path": "D:\\TestPramaIA\\test.txt",
      "error": "HTTPConnectionPool(host='localhost', port=8000): Max retries exceeded with url: /api/document-monitor/upload/ (Caused by NewConnectionError('<urllib3.connection.HTTPConnection object at 0x00000217E3907130>: Failed to establish a new connection: [WinError 10061] Impossibile stabilire la connessione. Rifiuto persistente del computer di destinazione'))"
    },
    "context": null
  },
  {
    "id": "ebc9bd1e-b515-4ae5-9cb0-146ebf56dda6",
    "timestamp": "2025-11-14T10:26:54.376038",
    "project": "PramaIA-Agents",
    "level": "debug",
    "module": "document-folder-monitor-agent",
    "message": "[event_queries] Tentativo acquisizione lock per find_event_by_filename (test.txt)",
    "details": null,
    "context": null
  },
  {
    "id": "75b89492-9cb7-4dd1-a739-5872dea6be82",
    "timestamp": "2025-11-14T10:26:54.376166",
    "project": "PramaIA-Agents",
    "level": "debug",
    "module": "document-folder-monitor-agent",
    "message": "[event_queries] Lock acquisito per find_event_by_filename (test.txt), apertura connessione SQLite",
    "details": null,
    "context": null
  },
  {
    "id": "82e48852-aab7-4c86-99ab-3583104b2b55",
    "timestamp": "2025-11-14T10:26:54.376899",
    "project": "PramaIA-Agents",
    "level": "debug",
    "module": "document-folder-monitor-agent",
    "message": "[event_queries] Connessione SQLite chiusa dopo find_event_by_filename (test.txt)",
    "details": null,
    "context": null
  },
  {
    "id": "c4e0ce55-a2e9-4480-9364-4342603dcab0",
    "timestamp": "2025-11-14T10:26:54.377025",
    "project": "PramaIA-Agents",
    "level": "debug",
    "module": "document-folder-monitor-agent",
    "message": "Aggiornamento stato evento 24 a 'failed', document_id: None",
    "details": null,
    "context": null
  },
  {
    "id": "82d5d0ea-174f-4160-89ce-a6db8b2bfea2",
    "timestamp": "2025-11-14T10:26:54.377137",
    "project": "PramaIA-Agents",
    "level": "debug",
    "module": "document-folder-monitor-agent",
    "message": "[event_queries] Tentativo acquisizione lock per update_event_status",
    "details": null,
    "context": null
  },
  {
    "id": "d8a1b624-42b5-43b3-b538-846630bec97e",
    "timestamp": "2025-11-14T10:26:54.377244",
    "project": "PramaIA-Agents",
    "level": "debug",
    "module": "document-folder-monitor-agent",
    "message": "[event_queries] Lock acquisito per update_event_status, apertura connessione SQLite",
    "details": null,
    "context": null
  },
  {
    "id": "0595acf6-7727-4892-9afd-9ed4082ca72c",
    "timestamp": "2025-11-14T10:26:54.377685",
    "project": "PramaIA-Agents",
    "level": "debug",
    "module": "document-folder-monitor-agent",
    "message": "Stato attuale evento 24: 'processing', document_id attuale: doc_4245b7e11df65500",
    "details": null,
    "context": null
  },
  {
    "id": "54d68b56-37d0-461b-9165-353a92978b20",
    "timestamp": "2025-11-14T10:26:54.377841",
    "project": "PramaIA-Agents",
    "level": "debug",
    "module": "document-folder-monitor-agent",
    "message": "Query SQL: UPDATE events SET status = ? WHERE id = ? con parametri ['failed', 24]",
    "details": null,
    "context": null
  },
  {
    "id": "0815702d-146c-46e3-9a1f-13ecfcb24a28",
    "timestamp": "2025-11-14T10:26:54.391416",
    "project": "PramaIA-Agents",
    "level": "debug",
    "module": "document-folder-monitor-agent",
    "message": "Aggiornamento stato evento 24 completato: True",
    "details": null,
    "context": null
  },
  {
    "id": "82cc71f2-718d-4882-acf2-358247040aec",
    "timestamp": "2025-11-14T10:26:54.391561",
    "project": "PramaIA-Agents",
    "level": "debug",
    "module": "document-folder-monitor-agent",
    "message": "[event_queries] Connessione SQLite chiusa dopo update_event_status",
    "details": null,
    "context": null
  },
  {
    "id": "6b3e9000-1529-4482-9db2-00affc2e7eeb",
    "timestamp": "2025-11-14T10:26:54.394311",
    "project": "PramaIA-Agents",
    "level": "info",
    "module": "document-folder-monitor-agent",
    "message": "Reconciliation completed successfully for D:\\TestPramaIA. Duration: 8.19s. Changes: 1",
    "details": {
      "folder": "D:\\TestPramaIA",
      "duration": 8.19,
      "changes": 1,
      "service": "reconciliation"
    },
    "context": null
  },
  {
    "id": "c6aea6ce-f5ba-4e62-90e2-d40cfbb69154",
    "timestamp": "2025-11-14T10:26:54.406707",
    "project": "PramaIA-Agents",
    "level": "error",
    "module": "document-folder-monitor-agent",
    "message": "\u274c Errore durante invio file D:\\TestPramaIA\\test.txt: HTTPConnectionPool(host='localhost', port=8000): Max retries exceeded with url: /api/document-monitor/upload/ (Caused by NewConnectionError('<urllib3.connection.HTTPConnection object at 0x00000217E3B80F30>: Failed to establish a new connection: [WinError 10061] Impossibile stabilire la connessione. Rifiuto persistente del computer di destinazione'))",
    "details": {
      "file_path": "D:\\TestPramaIA\\test.txt",
      "error": "HTTPConnectionPool(host='localhost', port=8000): Max retries exceeded with url: /api/document-monitor/upload/ (Caused by NewConnectionError('<urllib3.connection.HTTPConnection object at 0x00000217E3B80F30>: Failed to establish a new connection: [WinError 10061] Impossibile stabilire la connessione. Rifiuto persistente del computer di destinazione'))"
    },
    "context": null
  },
  {
    "id": "705738af-785d-4324-b08f-0bfa4a89e4c0",
    "timestamp": "2025-11-14T10:26:54.406870",
    "project": "PramaIA-Agents",
    "level": "debug",
    "module": "document-folder-monitor-agent",
    "message": "[event_queries] Tentativo acquisizione lock per find_event_by_filename (test.txt)",
    "details": null,
    "context": null
  },
  {
    "id": "e4fb8fc0-355c-4d3b-8d1c-ca2bb921215d",
    "timestamp": "2025-11-14T10:26:54.407008",
    "project": "PramaIA-Agents",
    "level": "debug",
    "module": "document-folder-monitor-agent",
    "message": "[event_queries] Lock acquisito per find_event_by_filename (test.txt), apertura connessione SQLite",
    "details": null,
    "context": null
  },
  {
    "id": "9636e269-412a-4ddd-92af-b440d7d1c415",
    "timestamp": "2025-11-14T10:26:54.407971",
    "project": "PramaIA-Agents",
    "level": "debug",
    "module": "document-folder-monitor-agent",
    "message": "[event_queries] Connessione SQLite chiusa dopo find_event_by_filename (test.txt)",
    "details": null,
    "context": null
  },
  {
    "id": "dd538f33-80a7-479b-b559-b4663722a690",
    "timestamp": "2025-11-14T10:26:54.408127",
    "project": "PramaIA-Agents",
    "level": "debug",
    "module": "document-folder-monitor-agent",
    "message": "Aggiornamento stato evento 24 a 'failed', document_id: None",
    "details": null,
    "context": null
  },
  {
    "id": "2ef115bd-9e8d-409b-a82a-82ed3ad5c095",
    "timestamp": "2025-11-14T10:26:54.408263",
    "project": "PramaIA-Agents",
    "level": "debug",
    "module": "document-folder-monitor-agent",
    "message": "[event_queries] Tentativo acquisizione lock per update_event_status",
    "details": null,
    "context": null
  },
  {
    "id": "27c30c45-a4d7-4d1f-8382-974c075bf899",
    "timestamp": "2025-11-14T10:26:54.408430",
    "project": "PramaIA-Agents",
    "level": "debug",
    "module": "document-folder-monitor-agent",
    "message": "[event_queries] Lock acquisito per update_event_status, apertura connessione SQLite",
    "details": null,
    "context": null
  },
  {
    "id": "b1f273db-21ac-47a8-a70f-f7ad6d16b8fa",
    "timestamp": "2025-11-14T10:26:54.409221",
    "project": "PramaIA-Agents",
    "level": "debug",
    "module": "document-folder-monitor-agent",
    "message": "Stato attuale evento 24: 'failed', document_id attuale: doc_4245b7e11df65500",
    "details": null,
    "context": null
  },
  {
    "id": "bce388c9-800b-461a-b9ad-f012b0c374af",
    "timestamp": "2025-11-14T10:26:54.409383",
    "project": "PramaIA-Agents",
    "level": "debug",
    "module": "document-folder-monitor-agent",
    "message": "Query SQL: UPDATE events SET status = ? WHERE id = ? con parametri ['failed', 24]",
    "details": null,
    "context": null
  },
  {
    "id": "1b1885d0-6b08-474d-96eb-7d307097ba5c",
    "timestamp": "2025-11-14T10:26:54.409715",
    "project": "PramaIA-Agents",
    "level": "debug",
    "module": "document-folder-monitor-agent",
    "message": "Aggiornamento stato evento 24 completato: True",
    "details": null,
    "context": null
  },
  {
    "id": "a3dc6b21-0a8c-46cb-a86b-f685a40a4bd1",
    "timestamp": "2025-11-14T10:26:54.409862",
    "project": "PramaIA-Agents",
    "level": "debug",
    "module": "document-folder-monitor-agent",
    "message": "[event_queries] Connessione SQLite chiusa dopo update_event_status",
    "details": null,
    "context": null
  },
  {
    "id": "15a283dc-3a9d-4eae-8239-fbc16ecfab5e",
    "timestamp": "2025-11-14T10:26:54.437983",
    "project": "PramaIA-Agents",
    "level": "error",
    "module": "document-folder-monitor-agent",
    "message": "\u274c Errore durante invio file D:\\TestPramaIA\\test.txt: HTTPConnectionPool(host='localhost', port=8000): Max retries exceeded with url: /api/document-monitor/upload/ (Caused by NewConnectionError('<urllib3.connection.HTTPConnection object at 0x00000217E3B81040>: Failed to establish a new connection: [WinError 10061] Impossibile stabilire la connessione. Rifiuto persistente del computer di destinazione'))",
    "details": {
      "file_path": "D:\\TestPramaIA\\test.txt",
      "error": "HTTPConnectionPool(host='localhost', port=8000): Max retries exceeded with url: /api/document-monitor/upload/ (Caused by NewConnectionError('<urllib3.connection.HTTPConnection object at 0x00000217E3B81040>: Failed to establish a new connection: [WinError 10061] Impossibile stabilire la connessione. Rifiuto persistente del computer di destinazione'))"
    },
    "context": null
  },
  {
    "id": "2cd2bfd5-85d3-4a63-998c-dd9f097900dd",
    "timestamp": "2025-11-14T10:26:54.438214",
    "project": "PramaIA-Agents",
    "level": "debug",
    "module": "document-folder-monitor-agent",
    "message": "[event_queries] Tentativo acquisizione lock per find_event_by_filename (test.txt)",
    "details": null,
    "context": null
  },
  {
    "id": "b808f111-897f-40f7-8b9e-3bc3dda269c8",
    "timestamp": "2025-11-14T10:26:54.438386",
    "project": "PramaIA-Agents",
    "level": "debug",
    "module": "document-folder-monitor-agent",
    "message": "[event_queries] Lock acquisito per find_event_by_filename (test.txt), apertura connessione SQLite",
    "details": null,
    "context": null
  },
  {
    "id": "9d31845e-0c9a-4045-b4d9-916427c5dc4a",
    "timestamp": "2025-11-14T10:26:54.439599",
    "project": "PramaIA-Agents",
    "level": "debug",
    "module": "document-folder-monitor-agent",
    "message": "[event_queries] Connessione SQLite chiusa dopo find_event_by_filename (test.txt)",
    "details": null,
    "context": null
  },
  {
    "id": "c30bab98-6d38-4caf-bd02-4f27ef531242",
    "timestamp": "2025-11-14T10:26:54.439725",
    "project": "PramaIA-Agents",
    "level": "debug",
    "module": "document-folder-monitor-agent",
    "message": "Aggiornamento stato evento 24 a 'failed', document_id: None",
    "details": null,
    "context": null
  },
  {
    "id": "c1181531-a87b-47af-bd4e-2626478ca468",
    "timestamp": "2025-11-14T10:26:54.439903",
    "project": "PramaIA-Agents",
    "level": "debug",
    "module": "document-folder-monitor-agent",
    "message": "[event_queries] Tentativo acquisizione lock per update_event_status",
    "details": null,
    "context": null
  },
  {
    "id": "8359d7e3-da24-477c-88ae-6cf0144f702e",
    "timestamp": "2025-11-14T10:26:54.440104",
    "project": "PramaIA-Agents",
    "level": "debug",
    "module": "document-folder-monitor-agent",
    "message": "[event_queries] Lock acquisito per update_event_status, apertura connessione SQLite",
    "details": null,
    "context": null
  },
  {
    "id": "0302bd49-e1a3-48c7-b09f-4fac9d39c356",
    "timestamp": "2025-11-14T10:26:54.440795",
    "project": "PramaIA-Agents",
    "level": "debug",
    "module": "document-folder-monitor-agent",
    "message": "Stato attuale evento 24: 'failed', document_id attuale: doc_4245b7e11df65500",
    "details": null,
    "context": null
  },
  {
    "id": "47adb8b7-c89e-4cf3-baa7-8798336c8873",
    "timestamp": "2025-11-14T10:26:54.440992",
    "project": "PramaIA-Agents",
    "level": "debug",
    "module": "document-folder-monitor-agent",
    "message": "Query SQL: UPDATE events SET status = ? WHERE id = ? con parametri ['failed', 24]",
    "details": null,
    "context": null
  },
  {
    "id": "b30e4e82-eedd-4c5e-8737-aec938ba0b94",
    "timestamp": "2025-11-14T10:26:54.441389",
    "project": "PramaIA-Agents",
    "level": "debug",
    "module": "document-folder-monitor-agent",
    "message": "Aggiornamento stato evento 24 completato: True",
    "details": null,
    "context": null
  },
  {
    "id": "3baeef81-762c-42f9-85ac-3d7b3f82cdfb",
    "timestamp": "2025-11-14T10:26:54.441612",
    "project": "PramaIA-Agents",
    "level": "debug",
    "module": "document-folder-monitor-agent",
    "message": "[event_queries] Connessione SQLite chiusa dopo update_event_status",
    "details": null,
    "context": null
  },
  {
    "id": "c90a7fa0-cefd-4a23-bbcf-ed8ca1303c62",
    "timestamp": "2025-11-14T10:28:43.830811",
    "project": "PramaIA-Agents",
    "level": "info",
    "module": "document-folder-monitor-agent",
    "message": "Tentativo 29 di registrazione al server: http://localhost:8000/api/document-monitor/clients/register",
    "details": null,
    "context": null
  },
  {
    "id": "2b86a94b-4ffa-4438-be74-bb3c7dd39076",
    "timestamp": "2025-11-14T10:28:47.922686",
    "project": "PramaIA-Agents",
    "level": "error",
    "module": "document-folder-monitor-agent",
    "message": "\u274c Connessione al server fallita: HTTPConnectionPool(host='localhost', port=8000): Max retries exceeded with url: /api/document-monitor/clients/register (Caused by NewConnectionError('<urllib3.connection.HTTPConnection object at 0x00000217E3B81480>: Failed to establish a new connection: [WinError 10061] Impossibile stabilire la connessione. Rifiuto persistente del computer di destinazione'))",
    "details": null,
    "context": null
  },
  {
    "id": "2a61db08-6bf8-4c4e-b8a8-374992fa4baf",
    "timestamp": "2025-11-14T10:31:49.802597",
    "project": "PramaIA-Agents",
    "level": "info",
    "module": "document-folder-monitor-agent",
    "message": "Tentativo 30 di registrazione al server: http://localhost:8000/api/document-monitor/clients/register",
    "details": null,
    "context": null
  },
  {
    "id": "3f6a870f-617b-4bb1-8ae2-c61f76f4f774",
    "timestamp": "2025-11-14T10:31:53.895611",
    "project": "PramaIA-Agents",
    "level": "error",
    "module": "document-folder-monitor-agent",
    "message": "\u274c Connessione al server fallita: HTTPConnectionPool(host='localhost', port=8000): Max retries exceeded with url: /api/document-monitor/clients/register (Caused by NewConnectionError('<urllib3.connection.HTTPConnection object at 0x00000217E3B816A0>: Failed to establish a new connection: [WinError 10061] Impossibile stabilire la connessione. Rifiuto persistente del computer di destinazione'))",
    "details": null,
    "context": null
  },
  {
    "id": "7fb6d553-3459-4e06-8b61-2e68123eedc6",
    "timestamp": "2025-11-14T10:33:47.924109",
    "project": "PramaIA-Agents",
    "level": "info",
    "module": "document-folder-monitor-agent",
    "message": "Tentativo 30 di registrazione al server: http://localhost:8000/api/document-monitor/clients/register",
    "details": null,
    "context": null
  },
  {
    "id": "e467caec-e6cb-4e62-a075-d9d82c7ac348",
    "timestamp": "2025-11-14T10:33:52.004278",
    "project": "PramaIA-Agents",
    "level": "error",
    "module": "document-folder-monitor-agent",
    "message": "\u274c Connessione al server fallita: HTTPConnectionPool(host='localhost', port=8000): Max retries exceeded with url: /api/document-monitor/clients/register (Caused by NewConnectionError('<urllib3.connection.HTTPConnection object at 0x00000217E3907460>: Failed to establish a new connection: [WinError 10061] Impossibile stabilire la connessione. Rifiuto persistente del computer di destinazione'))",
    "details": null,
    "context": null
  },
  {
    "id": "a6922025-9d2d-4def-98a6-53d28176a54c",
    "timestamp": "2025-11-14T10:36:53.896424",
    "project": "PramaIA-Agents",
    "level": "info",
    "module": "document-folder-monitor-agent",
    "message": "Tentativo 31 di registrazione al server: http://localhost:8000/api/document-monitor/clients/register",
    "details": null,
    "context": null
  },
  {
    "id": "19637cff-485f-4603-9a95-2b68be282105",
    "timestamp": "2025-11-14T10:36:58.000494",
    "project": "PramaIA-Agents",
    "level": "error",
    "module": "document-folder-monitor-agent",
    "message": "\u274c Connessione al server fallita: HTTPConnectionPool(host='localhost', port=8000): Max retries exceeded with url: /api/document-monitor/clients/register (Caused by NewConnectionError('<urllib3.connection.HTTPConnection object at 0x00000217E39079B0>: Failed to establish a new connection: [WinError 10061] Impossibile stabilire la connessione. Rifiuto persistente del computer di destinazione'))",
    "details": null,
    "context": null
  },
  {
    "id": "f43503d2-5da2-42c1-a4d5-e6ea72f0c5be",
    "timestamp": "2025-11-14T10:38:52.005565",
    "project": "PramaIA-Agents",
    "level": "info",
    "module": "document-folder-monitor-agent",
    "message": "Tentativo 31 di registrazione al server: http://localhost:8000/api/document-monitor/clients/register",
    "details": null,
    "context": null
  },
  {
    "id": "665c0a3a-4b41-456b-830c-a75944085c80",
    "timestamp": "2025-11-14T10:38:56.073193",
    "project": "PramaIA-Agents",
    "level": "error",
    "module": "document-folder-monitor-agent",
    "message": "\u274c Connessione al server fallita: HTTPConnectionPool(host='localhost', port=8000): Max retries exceeded with url: /api/document-monitor/clients/register (Caused by NewConnectionError('<urllib3.connection.HTTPConnection object at 0x00000217E3906CF0>: Failed to establish a new connection: [WinError 10061] Impossibile stabilire la connessione. Rifiuto persistente del computer di destinazione'))",
    "details": null,
    "context": null
  }
]