[
  {
    "id": "76ed8075-2fb4-4f28-858a-978f5799665f",
    "timestamp": "2025-11-17T09:55:16.871940",
    "project": "PramaIAServer",
    "level": "lifecycle",
    "module": "system_events",
    "message": "LogService avviato",
    "details": {
      "event_type": "service_start",
      "version": "1.0.0",
      "log_type": "lifecycle",
      "event_time": "2025-11-17T09:55:16.871906"
    },
    "context": {
      "component": "logservice_main"
    }
  },
  {
    "id": "422fb5e7-6b1f-4c56-9b3a-2240bd9b169c",
    "timestamp": "2025-11-17T09:55:16.995964",
    "project": "PramaIAServer",
    "level": "lifecycle",
    "module": "system_events",
    "message": "LogService avviato",
    "details": {
      "event_type": "service_start",
      "version": "1.0.0",
      "log_type": "lifecycle",
      "event_time": "2025-11-17T09:55:16.995907"
    },
    "context": {
      "component": "logservice_main"
    }
  },
  {
    "id": "9f14fd7d-2ff5-4375-afc9-1ba322ac2a48",
    "timestamp": "2025-11-17T09:57:05.131830",
    "project": "PramaIAServer",
    "level": "lifecycle",
    "module": "system_events",
    "message": "LogService avviato",
    "details": {
      "event_type": "service_start",
      "version": "1.0.0",
      "log_type": "lifecycle",
      "event_time": "2025-11-17T09:57:05.131801"
    },
    "context": {
      "component": "logservice_main"
    }
  },
  {
    "id": "d56ea2d3-36fd-4fc3-b3a1-4c35739ba80b",
    "timestamp": "2025-11-17T09:57:05.221771",
    "project": "PramaIAServer",
    "level": "lifecycle",
    "module": "system_events",
    "message": "LogService avviato",
    "details": {
      "event_type": "service_start",
      "version": "1.0.0",
      "log_type": "lifecycle",
      "event_time": "2025-11-17T09:57:05.221741"
    },
    "context": {
      "component": "logservice_main"
    }
  },
  {
    "id": "4d7d683a-06f7-495d-8c1c-ccf2b0589f11",
    "timestamp": "2025-11-17T09:58:35.877634",
    "project": "PramaIAServer",
    "level": "lifecycle",
    "module": "system_events",
    "message": "LogService avviato",
    "details": {
      "event_type": "service_start",
      "version": "1.0.0",
      "log_type": "lifecycle",
      "event_time": "2025-11-17T09:58:35.877603"
    },
    "context": {
      "component": "logservice_main"
    }
  },
  {
    "id": "338686f8-8a44-43a6-8fa9-72478ed84b5d",
    "timestamp": "2025-11-17T09:58:35.969597",
    "project": "PramaIAServer",
    "level": "lifecycle",
    "module": "system_events",
    "message": "LogService avviato",
    "details": {
      "event_type": "service_start",
      "version": "1.0.0",
      "log_type": "lifecycle",
      "event_time": "2025-11-17T09:58:35.969563"
    },
    "context": {
      "component": "logservice_main"
    }
  },
  {
    "id": "8228503c-69af-402b-a2a6-7286072f8e5b",
    "timestamp": "2025-11-17T10:02:46.099996",
    "project": "PramaIAServer",
    "level": "lifecycle",
    "module": "system_events",
    "message": "LogService avviato",
    "details": {
      "event_type": "service_start",
      "version": "1.0.0",
      "log_type": "lifecycle",
      "event_time": "2025-11-17T10:02:46.099959"
    },
    "context": {
      "component": "logservice_main"
    }
  },
  {
    "id": "d6a58eab-536d-4a50-858d-08d48b5d346f",
    "timestamp": "2025-11-17T10:02:46.196710",
    "project": "PramaIAServer",
    "level": "lifecycle",
    "module": "system_events",
    "message": "LogService avviato",
    "details": {
      "event_type": "service_start",
      "version": "1.0.0",
      "log_type": "lifecycle",
      "event_time": "2025-11-17T10:02:46.196675"
    },
    "context": {
      "component": "logservice_main"
    }
  },
  {
    "id": "5c409e93-4922-4945-a1e2-fb810c080713",
    "timestamp": "2025-11-17T10:04:13.691931",
    "project": "PramaIAServer",
    "level": "lifecycle",
    "module": "system_events",
    "message": "LogService avviato",
    "details": {
      "event_type": "service_start",
      "version": "1.0.0",
      "log_type": "lifecycle",
      "event_time": "2025-11-17T10:04:13.691903"
    },
    "context": {
      "component": "logservice_main"
    }
  },
  {
    "id": "bf842543-d152-4148-897a-5e38d2a70b1c",
    "timestamp": "2025-11-17T10:04:13.775590",
    "project": "PramaIAServer",
    "level": "lifecycle",
    "module": "system_events",
    "message": "LogService avviato",
    "details": {
      "event_type": "service_start",
      "version": "1.0.0",
      "log_type": "lifecycle",
      "event_time": "2025-11-17T10:04:13.775557"
    },
    "context": {
      "component": "logservice_main"
    }
  }
]