[
  {
    "id": "f220b691-fd2f-4a7a-8a61-371bd3433686",
    "timestamp": "2025-11-17T11:33:22.318808",
    "project": "PramaIAServer",
    "level": "lifecycle",
    "module": "system_events",
    "message": "LogService avviato",
    "details": {
      "event_type": "service_start",
      "version": "1.0.0",
      "log_type": "lifecycle",
      "event_time": "2025-11-17T11:33:22.318775"
    },
    "context": {
      "component": "logservice_main"
    }
  },
  {
    "id": "063932a9-01b2-48ca-849c-28405c1b1825",
    "timestamp": "2025-11-17T11:33:22.458782",
    "project": "PramaIAServer",
    "level": "lifecycle",
    "module": "system_events",
    "message": "LogService avviato",
    "details": {
      "event_type": "service_start",
      "version": "1.0.0",
      "log_type": "lifecycle",
      "event_time": "2025-11-17T11:33:22.458738"
    },
    "context": {
      "component": "logservice_main"
    }
  },
  {
    "id": "18a65b97-329a-4b81-af91-93e5a97fcaf3",
    "timestamp": "2025-11-17T11:34:20.473755",
    "project": "PramaIAServer",
    "level": "lifecycle",
    "module": "system_events",
    "message": "LogService avviato",
    "details": {
      "event_type": "service_start",
      "version": "1.0.0",
      "log_type": "lifecycle",
      "event_time": "2025-11-17T11:34:20.473715"
    },
    "context": {
      "component": "logservice_main"
    }
  },
  {
    "id": "6034c167-794d-4636-8001-62d0245b4d96",
    "timestamp": "2025-11-17T11:34:20.565045",
    "project": "PramaIAServer",
    "level": "lifecycle",
    "module": "system_events",
    "message": "LogService avviato",
    "details": {
      "event_type": "service_start",
      "version": "1.0.0",
      "log_type": "lifecycle",
      "event_time": "2025-11-17T11:34:20.565016"
    },
    "context": {
      "component": "logservice_main"
    }
  },
  {
    "id": "063609b6-0446-443c-9946-8435e0f6c24e",
    "timestamp": "2025-11-17T11:36:38.154903",
    "project": "PramaIAServer",
    "level": "lifecycle",
    "module": "system_events",
    "message": "LogService avviato",
    "details": {
      "event_type": "service_start",
      "version": "1.0.0",
      "log_type": "lifecycle",
      "event_time": "2025-11-17T11:36:38.154877"
    },
    "context": {
      "component": "logservice_main"
    }
  },
  {
    "id": "1bee1c34-ed11-4f76-a8f5-83094e745ddb",
    "timestamp": "2025-11-17T11:36:38.244179",
    "project": "PramaIAServer",
    "level": "lifecycle",
    "module": "system_events",
    "message": "LogService avviato",
    "details": {
      "event_type": "service_start",
      "version": "1.0.0",
      "log_type": "lifecycle",
      "event_time": "2025-11-17T11:36:38.244152"
    },
    "context": {
      "component": "logservice_main"
    }
  }
]