[
  {
    "id": "2f9f42ed-f4d1-44a8-ab0d-54f70b2e0971",
    "timestamp": "2025-11-17T10:14:03.862640",
    "project": "PramaIAServer",
    "level": "lifecycle",
    "module": "system_events",
    "message": "LogService avviato",
    "details": {
      "event_type": "service_start",
      "version": "1.0.0",
      "log_type": "lifecycle",
      "event_time": "2025-11-17T10:14:03.862580"
    },
    "context": {
      "component": "logservice_main"
    }
  },
  {
    "id": "86eca35f-38d5-4877-a606-cc0baecd319a",
    "timestamp": "2025-11-17T10:14:04.553182",
    "project": "PramaIAServer",
    "level": "lifecycle",
    "module": "system_events",
    "message": "LogService avviato",
    "details": {
      "event_type": "service_start",
      "version": "1.0.0",
      "log_type": "lifecycle",
      "event_time": "2025-11-17T10:14:04.553144"
    },
    "context": {
      "component": "logservice_main"
    }
  }
]