[
  {
    "id": "f8ba555c-ebc0-4576-ad0b-ad70635efb86",
    "timestamp": "2025-11-20T18:57:33.340423",
    "project": "PramaIAServer",
    "level": "info",
    "module": "pramaiaserver",
    "message": "\ud83d\uddc3\ufe0f DatabaseNodeRegistry inizializzato",
    "details": null,
    "context": {
      "module": "backend.engine.db_node_registry",
      "file": "C:\\PramaIA\\PramaIAServer\\backend\\engine\\db_node_registry.py",
      "line": 54,
      "function": "__init__"
    }
  },
  {
    "id": "a1ca27b5-b72d-4c8f-a72a-59d8d57f7ae9",
    "timestamp": "2025-11-20T18:57:55.573742",
    "project": "PramaIAServer",
    "level": "info",
    "module": "pramaiaserver",
    "message": "\ud83d\uddc3\ufe0f DatabaseNodeRegistry inizializzato",
    "details": null,
    "context": {
      "module": "backend.engine.db_node_registry",
      "file": "C:\\PramaIA\\PramaIAServer\\backend\\engine\\db_node_registry.py",
      "line": 54,
      "function": "__init__"
    }
  },
  {
    "id": "50b30f02-42a4-4971-87bc-b2a6f092a2dc",
    "timestamp": "2025-11-20T18:58:16.248330",
    "project": "PramaIAServer",
    "level": "info",
    "module": "pramaiaserver",
    "message": "\ud83d\uddc3\ufe0f DatabaseNodeRegistry inizializzato",
    "details": null,
    "context": {
      "module": "backend.engine.db_node_registry",
      "file": "C:\\PramaIA\\PramaIAServer\\backend\\engine\\db_node_registry.py",
      "line": 54,
      "function": "__init__"
    }
  }
]