[
  {
    "id": "4b3b3592-8066-4a9f-bbf8-1715a2ec6010",
    "timestamp": "2025-11-20T18:57:23.724838",
    "project": "PramaIA-Agents",
    "level": "info",
    "module": "document-folder-monitor-agent",
    "message": "[MANUTENZIONE] Avvio pulizia eventi duplicati...",
    "details": null,
    "context": null
  },
  {
    "id": "06add438-2a92-4078-8427-d2c08341d73b",
    "timestamp": "2025-11-20T18:57:23.725171",
    "project": "PramaIA-Agents",
    "level": "info",
    "module": "document-folder-monitor-agent",
    "message": "Pulizia avanzata degli eventi duplicati...",
    "details": null,
    "context": null
  },
  {
    "id": "adeecad2-f554-4c4c-9e0f-216d85f168e7",
    "timestamp": "2025-11-20T18:57:23.725476",
    "project": "PramaIA-Agents",
    "level": "info",
    "module": "document-folder-monitor-agent",
    "message": "Usando il metodo legacy di pulizia degli eventi duplicati...",
    "details": null,
    "context": null
  },
  {
    "id": "4792a1fb-5456-4c76-9c67-1d0846e07104",
    "timestamp": "2025-11-20T18:57:23.725738",
    "project": "PramaIA-Agents",
    "level": "debug",
    "module": "document-folder-monitor-agent",
    "message": "[event_maintenance] Tentativo acquisizione lock per _legacy_clean_duplicate_events",
    "details": null,
    "context": null
  },
  {
    "id": "ef37c67e-f003-45a5-a3ac-64949fad9af3",
    "timestamp": "2025-11-20T18:57:23.725898",
    "project": "PramaIA-Agents",
    "level": "debug",
    "module": "document-folder-monitor-agent",
    "message": "[event_maintenance] Lock acquisito per _legacy_clean_duplicate_events, apertura connessione SQLite",
    "details": null,
    "context": null
  },
  {
    "id": "520f0bd1-6881-45ca-8683-8300142a1183",
    "timestamp": "2025-11-20T18:57:23.726726",
    "project": "PramaIA-Agents",
    "level": "debug",
    "module": "document-folder-monitor-agent",
    "message": "[event_maintenance] Connessione SQLite chiusa dopo _legacy_clean_duplicate_events",
    "details": null,
    "context": null
  },
  {
    "id": "d4053bb9-ce38-4dc2-a6f3-bae6f2d1d0f1",
    "timestamp": "2025-11-20T18:57:23.727033",
    "project": "PramaIA-Agents",
    "level": "info",
    "module": "document-folder-monitor-agent",
    "message": "[MANUTENZIONE] Pulizia completata: rimossi 0 eventi duplicati",
    "details": null,
    "context": null
  },
  {
    "id": "ba41a03e-c949-4547-8a51-79d61f9dfaf5",
    "timestamp": "2025-11-20T18:57:23.727364",
    "project": "PramaIA-Agents",
    "level": "info",
    "module": "document-folder-monitor-agent",
    "message": "[MANUTENZIONE] Verifica eventi bloccati...",
    "details": null,
    "context": null
  },
  {
    "id": "67f41d28-34e7-42c4-abaf-5fb409242cfd",
    "timestamp": "2025-11-20T18:57:23.727749",
    "project": "PramaIA-Agents",
    "level": "info",
    "module": "document-folder-monitor-agent",
    "message": "Verifica eventi bloccati (pi\u00f9 vecchi di 2 ore)...",
    "details": null,
    "context": null
  },
  {
    "id": "311f9ab7-c741-4ebb-b761-fde14f6cf414",
    "timestamp": "2025-11-20T18:57:23.728066",
    "project": "PramaIA-Agents",
    "level": "debug",
    "module": "document-folder-monitor-agent",
    "message": "[event_maintenance] Tentativo acquisizione lock per auto_update_stalled_events",
    "details": null,
    "context": null
  },
  {
    "id": "c4172e70-8a13-4959-96aa-8a0d76b71858",
    "timestamp": "2025-11-20T18:57:23.728233",
    "project": "PramaIA-Agents",
    "level": "debug",
    "module": "document-folder-monitor-agent",
    "message": "[event_maintenance] Lock acquisito per auto_update_stalled_events, apertura connessione SQLite",
    "details": null,
    "context": null
  },
  {
    "id": "f32637b8-8bb6-41db-a01b-61c530a5895b",
    "timestamp": "2025-11-20T18:57:23.729160",
    "project": "PramaIA-Agents",
    "level": "debug",
    "module": "document-folder-monitor-agent",
    "message": "[event_maintenance] Connessione SQLite chiusa dopo auto_update_stalled_events",
    "details": null,
    "context": null
  },
  {
    "id": "235182ce-5469-4a4d-b283-4b0b1dc19fb0",
    "timestamp": "2025-11-20T18:57:23.729421",
    "project": "PramaIA-Agents",
    "level": "info",
    "module": "document-folder-monitor-agent",
    "message": "0 eventi bloccati sono stati aggiornati a 'failed'",
    "details": null,
    "context": null
  },
  {
    "id": "47ebcb15-1f5b-4e87-aa1f-381b05c2f155",
    "timestamp": "2025-11-20T18:57:23.729739",
    "project": "PramaIA-Agents",
    "level": "info",
    "module": "document-folder-monitor-agent",
    "message": "[MANUTENZIONE] Aggiornati 0 eventi bloccati",
    "details": null,
    "context": null
  }
]