[
  {
    "id": "29c54afd-5556-48ff-9673-f739fd7802c9",
    "timestamp": "2025-11-20T19:12:23.730583",
    "project": "PramaIA-Agents",
    "level": "info",
    "module": "document-folder-monitor-agent",
    "message": "[MANUTENZIONE] Avvio pulizia eventi duplicati...",
    "details": null,
    "context": null
  },
  {
    "id": "b2d4d673-a2ac-4021-82d2-22d007740987",
    "timestamp": "2025-11-20T19:12:23.730951",
    "project": "PramaIA-Agents",
    "level": "info",
    "module": "document-folder-monitor-agent",
    "message": "Pulizia avanzata degli eventi duplicati...",
    "details": null,
    "context": null
  },
  {
    "id": "ca905652-9db2-4283-97d3-ddc0a1aeb900",
    "timestamp": "2025-11-20T19:12:23.731279",
    "project": "PramaIA-Agents",
    "level": "info",
    "module": "document-folder-monitor-agent",
    "message": "Usando il metodo legacy di pulizia degli eventi duplicati...",
    "details": null,
    "context": null
  },
  {
    "id": "e3701aa9-feb4-4c9a-b6db-ee22a8c34cef",
    "timestamp": "2025-11-20T19:12:23.731552",
    "project": "PramaIA-Agents",
    "level": "debug",
    "module": "document-folder-monitor-agent",
    "message": "[event_maintenance] Tentativo acquisizione lock per _legacy_clean_duplicate_events",
    "details": null,
    "context": null
  },
  {
    "id": "a96438a7-9e08-44c1-b57d-dd93ae52f916",
    "timestamp": "2025-11-20T19:12:23.731668",
    "project": "PramaIA-Agents",
    "level": "debug",
    "module": "document-folder-monitor-agent",
    "message": "[event_maintenance] Lock acquisito per _legacy_clean_duplicate_events, apertura connessione SQLite",
    "details": null,
    "context": null
  },
  {
    "id": "62ecd925-4471-4f3f-b7f8-1f02a0538909",
    "timestamp": "2025-11-20T19:12:23.732391",
    "project": "PramaIA-Agents",
    "level": "debug",
    "module": "document-folder-monitor-agent",
    "message": "[event_maintenance] Connessione SQLite chiusa dopo _legacy_clean_duplicate_events",
    "details": null,
    "context": null
  },
  {
    "id": "f43f161f-1949-4eb6-a321-89e29c7079ff",
    "timestamp": "2025-11-20T19:12:23.732620",
    "project": "PramaIA-Agents",
    "level": "info",
    "module": "document-folder-monitor-agent",
    "message": "[MANUTENZIONE] Pulizia completata: rimossi 0 eventi duplicati",
    "details": null,
    "context": null
  },
  {
    "id": "60650562-c0ca-44e1-8f39-9a4b4ae927b1",
    "timestamp": "2025-11-20T19:12:23.732883",
    "project": "PramaIA-Agents",
    "level": "info",
    "module": "document-folder-monitor-agent",
    "message": "[MANUTENZIONE] Verifica eventi bloccati...",
    "details": null,
    "context": null
  },
  {
    "id": "203e479d-afb1-4f38-8d8f-9b12849a0278",
    "timestamp": "2025-11-20T19:12:23.733150",
    "project": "PramaIA-Agents",
    "level": "info",
    "module": "document-folder-monitor-agent",
    "message": "Verifica eventi bloccati (pi\u00f9 vecchi di 2 ore)...",
    "details": null,
    "context": null
  },
  {
    "id": "dc56a286-e05a-4163-ba59-3a1e6e5ba215",
    "timestamp": "2025-11-20T19:12:23.733359",
    "project": "PramaIA-Agents",
    "level": "debug",
    "module": "document-folder-monitor-agent",
    "message": "[event_maintenance] Tentativo acquisizione lock per auto_update_stalled_events",
    "details": null,
    "context": null
  },
  {
    "id": "f76d1bfa-909e-4b5b-ae6d-ea9491882ef1",
    "timestamp": "2025-11-20T19:12:23.733460",
    "project": "PramaIA-Agents",
    "level": "debug",
    "module": "document-folder-monitor-agent",
    "message": "[event_maintenance] Lock acquisito per auto_update_stalled_events, apertura connessione SQLite",
    "details": null,
    "context": null
  },
  {
    "id": "093dd265-591b-4d72-a206-e3c65ae6d5f6",
    "timestamp": "2025-11-20T19:12:23.734002",
    "project": "PramaIA-Agents",
    "level": "debug",
    "module": "document-folder-monitor-agent",
    "message": "[event_maintenance] Connessione SQLite chiusa dopo auto_update_stalled_events",
    "details": null,
    "context": null
  },
  {
    "id": "921db76b-51fc-4e57-ac16-df95eae84b99",
    "timestamp": "2025-11-20T19:12:23.734202",
    "project": "PramaIA-Agents",
    "level": "info",
    "module": "document-folder-monitor-agent",
    "message": "0 eventi bloccati sono stati aggiornati a 'failed'",
    "details": null,
    "context": null
  },
  {
    "id": "0a9b0508-5415-4394-bfd3-da6be1100cc5",
    "timestamp": "2025-11-20T19:12:23.734502",
    "project": "PramaIA-Agents",
    "level": "info",
    "module": "document-folder-monitor-agent",
    "message": "[MANUTENZIONE] Aggiornati 0 eventi bloccati",
    "details": null,
    "context": null
  },
  {
    "id": "e883e56e-f2b5-4ba8-8a38-406aec4da579",
    "timestamp": "2025-11-20T19:27:23.735257",
    "project": "PramaIA-Agents",
    "level": "info",
    "module": "document-folder-monitor-agent",
    "message": "[MANUTENZIONE] Avvio pulizia eventi duplicati...",
    "details": null,
    "context": null
  },
  {
    "id": "bcdebd9b-ee49-4cbc-b029-236f6d8c4788",
    "timestamp": "2025-11-20T19:27:23.735583",
    "project": "PramaIA-Agents",
    "level": "info",
    "module": "document-folder-monitor-agent",
    "message": "Pulizia avanzata degli eventi duplicati...",
    "details": null,
    "context": null
  },
  {
    "id": "bdee4fdc-70f5-4b77-8845-be9a1107004f",
    "timestamp": "2025-11-20T19:27:23.735830",
    "project": "PramaIA-Agents",
    "level": "info",
    "module": "document-folder-monitor-agent",
    "message": "Usando il metodo legacy di pulizia degli eventi duplicati...",
    "details": null,
    "context": null
  },
  {
    "id": "5b1c752b-480a-4fa6-894b-cd8e96d580ae",
    "timestamp": "2025-11-20T19:27:23.736020",
    "project": "PramaIA-Agents",
    "level": "debug",
    "module": "document-folder-monitor-agent",
    "message": "[event_maintenance] Tentativo acquisizione lock per _legacy_clean_duplicate_events",
    "details": null,
    "context": null
  },
  {
    "id": "9ffd74ef-9372-4623-b9db-dfbd0550047a",
    "timestamp": "2025-11-20T19:27:23.736152",
    "project": "PramaIA-Agents",
    "level": "debug",
    "module": "document-folder-monitor-agent",
    "message": "[event_maintenance] Lock acquisito per _legacy_clean_duplicate_events, apertura connessione SQLite",
    "details": null,
    "context": null
  },
  {
    "id": "900aa652-5595-4b50-94a7-b056597e7459",
    "timestamp": "2025-11-20T19:27:23.736963",
    "project": "PramaIA-Agents",
    "level": "debug",
    "module": "document-folder-monitor-agent",
    "message": "[event_maintenance] Connessione SQLite chiusa dopo _legacy_clean_duplicate_events",
    "details": null,
    "context": null
  },
  {
    "id": "cf35cee9-5919-4ffd-8458-9fe90ea5509d",
    "timestamp": "2025-11-20T19:27:23.737183",
    "project": "PramaIA-Agents",
    "level": "info",
    "module": "document-folder-monitor-agent",
    "message": "[MANUTENZIONE] Pulizia completata: rimossi 0 eventi duplicati",
    "details": null,
    "context": null
  },
  {
    "id": "c6e92cb8-050e-4cd3-90a1-9d3c5adfa69b",
    "timestamp": "2025-11-20T19:27:23.737433",
    "project": "PramaIA-Agents",
    "level": "info",
    "module": "document-folder-monitor-agent",
    "message": "[MANUTENZIONE] Verifica eventi bloccati...",
    "details": null,
    "context": null
  },
  {
    "id": "11bdc2c7-322b-451d-a3ee-c8a598086e08",
    "timestamp": "2025-11-20T19:27:23.737710",
    "project": "PramaIA-Agents",
    "level": "info",
    "module": "document-folder-monitor-agent",
    "message": "Verifica eventi bloccati (pi\u00f9 vecchi di 2 ore)...",
    "details": null,
    "context": null
  },
  {
    "id": "3ebbd0e0-ec3e-4e90-85ab-0842bb087d68",
    "timestamp": "2025-11-20T19:27:23.737896",
    "project": "PramaIA-Agents",
    "level": "debug",
    "module": "document-folder-monitor-agent",
    "message": "[event_maintenance] Tentativo acquisizione lock per auto_update_stalled_events",
    "details": null,
    "context": null
  },
  {
    "id": "02968529-73c0-450b-b973-6fc82566a9d5",
    "timestamp": "2025-11-20T19:27:23.737984",
    "project": "PramaIA-Agents",
    "level": "debug",
    "module": "document-folder-monitor-agent",
    "message": "[event_maintenance] Lock acquisito per auto_update_stalled_events, apertura connessione SQLite",
    "details": null,
    "context": null
  },
  {
    "id": "656bcb56-c7ba-4e94-825b-1a2612a77647",
    "timestamp": "2025-11-20T19:27:23.738478",
    "project": "PramaIA-Agents",
    "level": "debug",
    "module": "document-folder-monitor-agent",
    "message": "[event_maintenance] Connessione SQLite chiusa dopo auto_update_stalled_events",
    "details": null,
    "context": null
  },
  {
    "id": "10379039-c0e4-498d-9a55-4fa2565fdeaf",
    "timestamp": "2025-11-20T19:27:23.738645",
    "project": "PramaIA-Agents",
    "level": "info",
    "module": "document-folder-monitor-agent",
    "message": "0 eventi bloccati sono stati aggiornati a 'failed'",
    "details": null,
    "context": null
  },
  {
    "id": "6687ce0d-0b95-457c-95a7-bea5095d2b8e",
    "timestamp": "2025-11-20T19:27:23.738875",
    "project": "PramaIA-Agents",
    "level": "info",
    "module": "document-folder-monitor-agent",
    "message": "[MANUTENZIONE] Aggiornati 0 eventi bloccati",
    "details": null,
    "context": null
  },
  {
    "id": "877ccf8d-c5d7-4e0c-99d9-027db1a41f53",
    "timestamp": "2025-11-20T19:42:23.739678",
    "project": "PramaIA-Agents",
    "level": "info",
    "module": "document-folder-monitor-agent",
    "message": "[MANUTENZIONE] Avvio pulizia eventi duplicati...",
    "details": null,
    "context": null
  },
  {
    "id": "bacd2d74-296c-499b-8aaf-a3a14fa24ab8",
    "timestamp": "2025-11-20T19:42:23.740012",
    "project": "PramaIA-Agents",
    "level": "info",
    "module": "document-folder-monitor-agent",
    "message": "Pulizia avanzata degli eventi duplicati...",
    "details": null,
    "context": null
  },
  {
    "id": "86efb368-1c06-4137-a466-bd9c185c1c11",
    "timestamp": "2025-11-20T19:42:23.740452",
    "project": "PramaIA-Agents",
    "level": "info",
    "module": "document-folder-monitor-agent",
    "message": "Usando il metodo legacy di pulizia degli eventi duplicati...",
    "details": null,
    "context": null
  },
  {
    "id": "c2f22536-8ece-4a8a-bfb4-7beef38eee4c",
    "timestamp": "2025-11-20T19:42:23.740665",
    "project": "PramaIA-Agents",
    "level": "debug",
    "module": "document-folder-monitor-agent",
    "message": "[event_maintenance] Tentativo acquisizione lock per _legacy_clean_duplicate_events",
    "details": null,
    "context": null
  },
  {
    "id": "0f8aff9a-e865-4497-af60-a63d11b6ace3",
    "timestamp": "2025-11-20T19:42:23.740772",
    "project": "PramaIA-Agents",
    "level": "debug",
    "module": "document-folder-monitor-agent",
    "message": "[event_maintenance] Lock acquisito per _legacy_clean_duplicate_events, apertura connessione SQLite",
    "details": null,
    "context": null
  },
  {
    "id": "eeb85387-a9ff-44d3-a4fb-ef88177c4990",
    "timestamp": "2025-11-20T19:42:23.741689",
    "project": "PramaIA-Agents",
    "level": "debug",
    "module": "document-folder-monitor-agent",
    "message": "[event_maintenance] Connessione SQLite chiusa dopo _legacy_clean_duplicate_events",
    "details": null,
    "context": null
  },
  {
    "id": "03bb2876-50b9-4aa6-bc96-a77b691a05dc",
    "timestamp": "2025-11-20T19:42:23.741893",
    "project": "PramaIA-Agents",
    "level": "info",
    "module": "document-folder-monitor-agent",
    "message": "[MANUTENZIONE] Pulizia completata: rimossi 0 eventi duplicati",
    "details": null,
    "context": null
  },
  {
    "id": "97990a8d-bdc9-4715-958b-b6f6ca0c41c9",
    "timestamp": "2025-11-20T19:42:23.742161",
    "project": "PramaIA-Agents",
    "level": "info",
    "module": "document-folder-monitor-agent",
    "message": "[MANUTENZIONE] Verifica eventi bloccati...",
    "details": null,
    "context": null
  },
  {
    "id": "29a1224d-b536-4db0-8485-3cc4794c97fa",
    "timestamp": "2025-11-20T19:42:23.742436",
    "project": "PramaIA-Agents",
    "level": "info",
    "module": "document-folder-monitor-agent",
    "message": "Verifica eventi bloccati (pi\u00f9 vecchi di 2 ore)...",
    "details": null,
    "context": null
  },
  {
    "id": "639cf18b-3e3a-4573-930b-fa3f6b3dfafb",
    "timestamp": "2025-11-20T19:42:23.742638",
    "project": "PramaIA-Agents",
    "level": "debug",
    "module": "document-folder-monitor-agent",
    "message": "[event_maintenance] Tentativo acquisizione lock per auto_update_stalled_events",
    "details": null,
    "context": null
  },
  {
    "id": "ef2870e6-5579-4adc-85bb-6f2e2093b487",
    "timestamp": "2025-11-20T19:42:23.742742",
    "project": "PramaIA-Agents",
    "level": "debug",
    "module": "document-folder-monitor-agent",
    "message": "[event_maintenance] Lock acquisito per auto_update_stalled_events, apertura connessione SQLite",
    "details": null,
    "context": null
  },
  {
    "id": "f637ed40-ec18-454b-95f6-65929cdbfae0",
    "timestamp": "2025-11-20T19:42:23.743693",
    "project": "PramaIA-Agents",
    "level": "debug",
    "module": "document-folder-monitor-agent",
    "message": "[event_maintenance] Connessione SQLite chiusa dopo auto_update_stalled_events",
    "details": null,
    "context": null
  },
  {
    "id": "0322a966-da81-4325-8051-c5ab205d90ff",
    "timestamp": "2025-11-20T19:42:23.743898",
    "project": "PramaIA-Agents",
    "level": "info",
    "module": "document-folder-monitor-agent",
    "message": "0 eventi bloccati sono stati aggiornati a 'failed'",
    "details": null,
    "context": null
  },
  {
    "id": "4eb960dd-fcfa-4b21-b525-f95fc38b5a13",
    "timestamp": "2025-11-20T19:42:23.744194",
    "project": "PramaIA-Agents",
    "level": "info",
    "module": "document-folder-monitor-agent",
    "message": "[MANUTENZIONE] Aggiornati 0 eventi bloccati",
    "details": null,
    "context": null
  },
  {
    "id": "78459493-7705-47b0-ba45-e845874b8053",
    "timestamp": "2025-11-20T19:42:32.001065",
    "project": "PramaIA-Agents",
    "level": "info",
    "module": "document-folder-monitor-agent",
    "message": "No actively monitored folders found",
    "details": {
      "service": "reconciliation"
    },
    "context": null
  },
  {
    "id": "ef3194ed-6693-4441-ad97-74c0fa4e6318",
    "timestamp": "2025-11-20T19:42:32.003071",
    "project": "PramaIA-Agents",
    "level": "info",
    "module": "document-folder-monitor-agent",
    "message": "Sincronizzazione periodica per 1 cartelle attivamente monitorate",
    "details": {
      "folder_count": 1,
      "service": "reconciliation"
    },
    "context": null
  },
  {
    "id": "d5463b06-eabf-433a-81d7-346df3983470",
    "timestamp": "2025-11-20T19:42:32.003648",
    "project": "PramaIA-Agents",
    "level": "info",
    "module": "document-folder-monitor-agent",
    "message": "Avvio sincronizzazione periodica per cartella: D:\\TestPramaIA",
    "details": {
      "folder": "D:\\TestPramaIA",
      "service": "reconciliation"
    },
    "context": null
  },
  {
    "id": "8a041ab7-8328-4b7b-b979-99738d92d941",
    "timestamp": "2025-11-20T19:42:32.004253",
    "project": "PramaIA-Agents",
    "level": "info",
    "module": "document-folder-monitor-agent",
    "message": "Starting reconciliation for folder: D:\\TestPramaIA",
    "details": {
      "folder": "D:\\TestPramaIA",
      "service": "reconciliation"
    },
    "context": null
  },
  {
    "id": "d958ce46-64bf-4def-ac7c-9792b79ad635",
    "timestamp": "2025-11-20T19:42:32.004766",
    "project": "PramaIA-Agents",
    "level": "info",
    "module": "document-folder-monitor-agent",
    "message": "Scanning filesystem for folder: D:\\TestPramaIA",
    "details": {
      "folder": "D:\\TestPramaIA",
      "service": "reconciliation"
    },
    "context": null
  },
  {
    "id": "d6ebd979-c9f8-4154-b382-25879f1d84f6",
    "timestamp": "2025-11-20T19:42:32.007104",
    "project": "PramaIA-Agents",
    "level": "info",
    "module": "document-folder-monitor-agent",
    "message": "Filesystem scan completed. Found 3 files",
    "details": {
      "folder": "D:\\TestPramaIA",
      "file_count": 3,
      "service": "reconciliation"
    },
    "context": null
  },
  {
    "id": "06501ce2-0567-4ea1-8da6-733d978c6b3e",
    "timestamp": "2025-11-20T19:42:32.007619",
    "project": "PramaIA-Agents",
    "level": "info",
    "module": "document-folder-monitor-agent",
    "message": "Getting vectorstore state for folder: D:\\TestPramaIA",
    "details": {
      "folder": "D:\\TestPramaIA",
      "service": "reconciliation"
    },
    "context": null
  },
  {
    "id": "cbb07ddd-f6ca-4f11-ada8-07f1173595c8",
    "timestamp": "2025-11-20T19:42:34.054409",
    "project": "PramaIA-Agents",
    "level": "error",
    "module": "document-folder-monitor-agent",
    "message": "Error getting vectorstore state: 404 - {\"detail\":\"Not Found\"}",
    "details": {
      "folder": "D:\\TestPramaIA",
      "status_code": 404,
      "response": "{\"detail\":\"Not Found\"}",
      "service": "reconciliation"
    },
    "context": null
  },
  {
    "id": "5990bb1f-1284-42e8-bdf0-abe873b06cb9",
    "timestamp": "2025-11-20T19:42:34.055047",
    "project": "PramaIA-Agents",
    "level": "info",
    "module": "document-folder-monitor-agent",
    "message": "Calculating differences between filesystem and vectorstore",
    "details": {
      "folder": "D:\\TestPramaIA",
      "service": "reconciliation"
    },
    "context": null
  },
  {
    "id": "501c1751-db7e-491d-b7bb-e5ca0e9befd7",
    "timestamp": "2025-11-20T19:42:34.055648",
    "project": "PramaIA-Agents",
    "level": "info",
    "module": "document-folder-monitor-agent",
    "message": "Diff summary: 3 new files, 0 deleted files, 0 modified files, 0 metadata changes",
    "details": {
      "folder": "D:\\TestPramaIA",
      "new_files": 3,
      "deleted_files": 0,
      "modified_files": 0,
      "metadata_changes": 0,
      "service": "reconciliation"
    },
    "context": null
  },
  {
    "id": "0566f3ce-a086-4673-aa90-ee68968614c0",
    "timestamp": "2025-11-20T19:42:34.056107",
    "project": "PramaIA-Agents",
    "level": "info",
    "module": "document-folder-monitor-agent",
    "message": "Adding missing file to vectorstore: D:\\TestPramaIA\\test_pipeline_20251119_185403.pdf",
    "details": {
      "file_path": "D:\\TestPramaIA\\test_pipeline_20251119_185403.pdf",
      "service": "reconciliation"
    },
    "context": null
  },
  {
    "id": "8cc3fb62-bc31-4959-b349-79552e00d4b0",
    "timestamp": "2025-11-20T19:42:34.057304",
    "project": "PramaIA-Agents",
    "level": "debug",
    "module": "document-folder-monitor-agent",
    "message": "[event_queries] Tentativo acquisizione lock per find_event_by_filename (test_pipeline_20251119_185403.pdf)",
    "details": null,
    "context": null
  },
  {
    "id": "46ce14c8-7854-4de1-b7e2-04e3a619b813",
    "timestamp": "2025-11-20T19:42:34.057477",
    "project": "PramaIA-Agents",
    "level": "debug",
    "module": "document-folder-monitor-agent",
    "message": "[event_queries] Lock acquisito per find_event_by_filename (test_pipeline_20251119_185403.pdf), apertura connessione SQLite",
    "details": null,
    "context": null
  },
  {
    "id": "ae3c7c9c-066b-4bfe-81e1-8119ba639ecb",
    "timestamp": "2025-11-20T19:42:34.058796",
    "project": "PramaIA-Agents",
    "level": "debug",
    "module": "document-folder-monitor-agent",
    "message": "[event_queries] Connessione SQLite chiusa dopo find_event_by_filename (test_pipeline_20251119_185403.pdf)",
    "details": null,
    "context": null
  },
  {
    "id": "3265a71a-8963-48d3-b069-f1deec129575",
    "timestamp": "2025-11-20T19:42:34.059145",
    "project": "PramaIA-Agents",
    "level": "debug",
    "module": "document-folder-monitor-agent",
    "message": "Aggiornamento stato evento 63 a 'processing', document_id: None",
    "details": null,
    "context": null
  },
  {
    "id": "4e3bce92-45f9-4c40-9cc0-89e3c8cd17b7",
    "timestamp": "2025-11-20T19:42:34.059292",
    "project": "PramaIA-Agents",
    "level": "debug",
    "module": "document-folder-monitor-agent",
    "message": "[event_queries] Tentativo acquisizione lock per update_event_status",
    "details": null,
    "context": null
  },
  {
    "id": "375342e5-9ecd-4dc7-9513-036df9bdbc68",
    "timestamp": "2025-11-20T19:42:34.059440",
    "project": "PramaIA-Agents",
    "level": "debug",
    "module": "document-folder-monitor-agent",
    "message": "[event_queries] Lock acquisito per update_event_status, apertura connessione SQLite",
    "details": null,
    "context": null
  },
  {
    "id": "36888061-f865-489a-9ee9-3026fcea5dd1",
    "timestamp": "2025-11-20T19:42:34.060221",
    "project": "PramaIA-Agents",
    "level": "debug",
    "module": "document-folder-monitor-agent",
    "message": "Stato attuale evento 63: 'failed', document_id attuale: None",
    "details": null,
    "context": null
  },
  {
    "id": "86f12d46-a614-49a7-baa0-921a072e28e9",
    "timestamp": "2025-11-20T19:42:34.060438",
    "project": "PramaIA-Agents",
    "level": "debug",
    "module": "document-folder-monitor-agent",
    "message": "Query SQL: UPDATE events SET status = ? WHERE id = ? con parametri ['processing', 63]",
    "details": null,
    "context": null
  },
  {
    "id": "d5f392a7-a575-487f-a566-7094a5b17f6e",
    "timestamp": "2025-11-20T19:42:34.066152",
    "project": "PramaIA-Agents",
    "level": "debug",
    "module": "document-folder-monitor-agent",
    "message": "Aggiornamento stato evento 63 completato: True",
    "details": null,
    "context": null
  },
  {
    "id": "d30e7a85-3754-4bd8-8cd4-c91e872afa5e",
    "timestamp": "2025-11-20T19:42:34.066319",
    "project": "PramaIA-Agents",
    "level": "debug",
    "module": "document-folder-monitor-agent",
    "message": "[event_queries] Connessione SQLite chiusa dopo update_event_status",
    "details": null,
    "context": null
  },
  {
    "id": "ba77b5af-7dc5-4408-b538-58d38771913a",
    "timestamp": "2025-11-20T19:42:34.067559",
    "project": "PramaIA-Agents",
    "level": "debug",
    "module": "document-folder-monitor-agent",
    "message": "Percorso database hash convertito ad assoluto: C:\\PramaIA\\PramaIA-Agents\\document-folder-monitor-agent\\data/file_hashes.db",
    "details": null,
    "context": null
  },
  {
    "id": "a4cfc22d-d8ad-4888-ac62-4b4dd915dc5b",
    "timestamp": "2025-11-20T19:42:34.067689",
    "project": "PramaIA-Agents",
    "level": "debug",
    "module": "document-folder-monitor-agent",
    "message": "Inizializzazione FileHashTracker con database: C:\\PramaIA\\PramaIA-Agents\\document-folder-monitor-agent\\data/file_hashes.db",
    "details": null,
    "context": null
  },
  {
    "id": "9b2032d6-03fc-464f-9eaf-7ac79cc1f6bb",
    "timestamp": "2025-11-20T19:42:34.070553",
    "project": "PramaIA-Agents",
    "level": "info",
    "module": "document-folder-monitor-agent",
    "message": "\ud83d\udce4 Invio richiesta al backend per 'test_pipeline_20251119_185403.pdf'",
    "details": {
      "operation": "backend_request",
      "request_type": "upload",
      "file_name": "test_pipeline_20251119_185403.pdf",
      "file_path": "D:\\TestPramaIA\\test_pipeline_20251119_185403.pdf",
      "payload": "{'action': 'reconciliation_add', 'full_path': 'D:\\\\TestPramaIA\\\\test_pipeline_20251119_185403.pdf', 'relative_path': 'test_pipeline_20251119_185403.pdf', 'filter_action': 'process_full', 'extract_metadata': 'true', 'filter_name': 'unknown', 'should_process_content': True}"
    },
    "context": null
  },
  {
    "id": "e57ed6ba-a8da-4a17-88e6-0b7d55b2d30e",
    "timestamp": "2025-11-20T19:42:36.134412",
    "project": "PramaIA-Agents",
    "level": "error",
    "module": "document-folder-monitor-agent",
    "message": "\u274c Risposta dal backend (404) per 'test_pipeline_20251119_185403.pdf'",
    "details": {
      "operation": "backend_response",
      "request_type": "upload",
      "file_name": "test_pipeline_20251119_185403.pdf",
      "file_path": "D:\\TestPramaIA\\test_pipeline_20251119_185403.pdf",
      "status_code": 404,
      "response_data": "{'detail': 'Not Found'}",
      "success": false
    },
    "context": null
  },
  {
    "id": "43f6c0be-f34d-4451-be22-be208b3cfcde",
    "timestamp": "2025-11-20T19:42:36.134675",
    "project": "PramaIA-Agents",
    "level": "error",
    "module": "document-folder-monitor-agent",
    "message": "\u274c Errore invio file 'test_pipeline_20251119_185403.pdf': 404",
    "details": {
      "file_name": "test_pipeline_20251119_185403.pdf",
      "action": "reconciliation_add",
      "status_code": 404,
      "response_text": "{\"detail\":\"Not Found\"}"
    },
    "context": null
  },
  {
    "id": "f6a1773b-4670-40f2-8ad2-70736c2e10d6",
    "timestamp": "2025-11-20T19:42:36.134788",
    "project": "PramaIA-Agents",
    "level": "debug",
    "module": "document-folder-monitor-agent",
    "message": "Aggiornamento stato evento 63 a 'failed', document_id: None",
    "details": null,
    "context": null
  },
  {
    "id": "30e59e3d-3bc6-45b8-abaf-20427e07c61c",
    "timestamp": "2025-11-20T19:42:36.134885",
    "project": "PramaIA-Agents",
    "level": "debug",
    "module": "document-folder-monitor-agent",
    "message": "[event_queries] Tentativo acquisizione lock per update_event_status",
    "details": null,
    "context": null
  },
  {
    "id": "d25a8bb8-1737-43d5-b381-ab04d3607788",
    "timestamp": "2025-11-20T19:42:36.134977",
    "project": "PramaIA-Agents",
    "level": "debug",
    "module": "document-folder-monitor-agent",
    "message": "[event_queries] Lock acquisito per update_event_status, apertura connessione SQLite",
    "details": null,
    "context": null
  },
  {
    "id": "82c02b8d-05bf-4141-8774-ba29f1b014c8",
    "timestamp": "2025-11-20T19:42:36.135543",
    "project": "PramaIA-Agents",
    "level": "debug",
    "module": "document-folder-monitor-agent",
    "message": "Stato attuale evento 63: 'processing', document_id attuale: None",
    "details": null,
    "context": null
  },
  {
    "id": "ebc48238-83b1-4b19-95ce-04a3cc358257",
    "timestamp": "2025-11-20T19:42:36.135710",
    "project": "PramaIA-Agents",
    "level": "debug",
    "module": "document-folder-monitor-agent",
    "message": "Query SQL: UPDATE events SET status = ? WHERE id = ? con parametri ['failed', 63]",
    "details": null,
    "context": null
  },
  {
    "id": "a8e620ed-409e-40c1-bffe-6c94a96f0327",
    "timestamp": "2025-11-20T19:42:36.140621",
    "project": "PramaIA-Agents",
    "level": "debug",
    "module": "document-folder-monitor-agent",
    "message": "Aggiornamento stato evento 63 completato: True",
    "details": null,
    "context": null
  },
  {
    "id": "c8d5c158-7147-4608-8bc9-7de003addbc4",
    "timestamp": "2025-11-20T19:42:36.140763",
    "project": "PramaIA-Agents",
    "level": "debug",
    "module": "document-folder-monitor-agent",
    "message": "[event_queries] Connessione SQLite chiusa dopo update_event_status",
    "details": null,
    "context": null
  },
  {
    "id": "2b1e07a1-0e08-482a-9890-9af8865ae60f",
    "timestamp": "2025-11-20T19:42:36.141671",
    "project": "PramaIA-Agents",
    "level": "info",
    "module": "document-folder-monitor-agent",
    "message": "Adding missing file to vectorstore: D:\\TestPramaIA\\test_document_20251119_164346.pdf",
    "details": {
      "file_path": "D:\\TestPramaIA\\test_document_20251119_164346.pdf",
      "service": "reconciliation"
    },
    "context": null
  },
  {
    "id": "cfdb34be-13bd-4d53-a32a-9d1683f9ac80",
    "timestamp": "2025-11-20T19:42:36.142366",
    "project": "PramaIA-Agents",
    "level": "debug",
    "module": "document-folder-monitor-agent",
    "message": "[event_queries] Tentativo acquisizione lock per find_event_by_filename (test_document_20251119_164346.pdf)",
    "details": null,
    "context": null
  },
  {
    "id": "05151a93-9180-4df2-8de4-a299a81d626f",
    "timestamp": "2025-11-20T19:42:36.142489",
    "project": "PramaIA-Agents",
    "level": "debug",
    "module": "document-folder-monitor-agent",
    "message": "[event_queries] Lock acquisito per find_event_by_filename (test_document_20251119_164346.pdf), apertura connessione SQLite",
    "details": null,
    "context": null
  },
  {
    "id": "2a81e2a7-cc84-4f0f-bf68-14cfe452d03a",
    "timestamp": "2025-11-20T19:42:36.143592",
    "project": "PramaIA-Agents",
    "level": "debug",
    "module": "document-folder-monitor-agent",
    "message": "[event_queries] Connessione SQLite chiusa dopo find_event_by_filename (test_document_20251119_164346.pdf)",
    "details": null,
    "context": null
  },
  {
    "id": "1cb18357-3305-402f-9048-048a410f4ca8",
    "timestamp": "2025-11-20T19:42:36.143719",
    "project": "PramaIA-Agents",
    "level": "debug",
    "module": "document-folder-monitor-agent",
    "message": "Aggiornamento stato evento 62 a 'processing', document_id: None",
    "details": null,
    "context": null
  },
  {
    "id": "9843850a-9727-4dbd-b713-b3e37949bff6",
    "timestamp": "2025-11-20T19:42:36.143839",
    "project": "PramaIA-Agents",
    "level": "debug",
    "module": "document-folder-monitor-agent",
    "message": "[event_queries] Tentativo acquisizione lock per update_event_status",
    "details": null,
    "context": null
  },
  {
    "id": "bbf44a6d-080e-4978-940c-b547a09a5c3f",
    "timestamp": "2025-11-20T19:42:36.143975",
    "project": "PramaIA-Agents",
    "level": "debug",
    "module": "document-folder-monitor-agent",
    "message": "[event_queries] Lock acquisito per update_event_status, apertura connessione SQLite",
    "details": null,
    "context": null
  },
  {
    "id": "ed51bab4-b527-4af4-be04-85f59fa8cad8",
    "timestamp": "2025-11-20T19:42:36.144593",
    "project": "PramaIA-Agents",
    "level": "debug",
    "module": "document-folder-monitor-agent",
    "message": "Stato attuale evento 62: 'failed', document_id attuale: None",
    "details": null,
    "context": null
  },
  {
    "id": "529f5500-5839-44c7-a6b8-0d74b41bc5f3",
    "timestamp": "2025-11-20T19:42:36.144737",
    "project": "PramaIA-Agents",
    "level": "debug",
    "module": "document-folder-monitor-agent",
    "message": "Query SQL: UPDATE events SET status = ? WHERE id = ? con parametri ['processing', 62]",
    "details": null,
    "context": null
  },
  {
    "id": "4cd44668-522e-486d-b3ae-1900e2cb5011",
    "timestamp": "2025-11-20T19:42:36.147865",
    "project": "PramaIA-Agents",
    "level": "debug",
    "module": "document-folder-monitor-agent",
    "message": "Aggiornamento stato evento 62 completato: True",
    "details": null,
    "context": null
  },
  {
    "id": "e5a37f7e-e7e9-4276-91ac-7570f3951e93",
    "timestamp": "2025-11-20T19:42:36.148002",
    "project": "PramaIA-Agents",
    "level": "debug",
    "module": "document-folder-monitor-agent",
    "message": "[event_queries] Connessione SQLite chiusa dopo update_event_status",
    "details": null,
    "context": null
  },
  {
    "id": "96c62d94-4d76-40b7-b3cf-f7c4563bcd81",
    "timestamp": "2025-11-20T19:42:36.148458",
    "project": "PramaIA-Agents",
    "level": "debug",
    "module": "document-folder-monitor-agent",
    "message": "Percorso database hash convertito ad assoluto: C:\\PramaIA\\PramaIA-Agents\\document-folder-monitor-agent\\data/file_hashes.db",
    "details": null,
    "context": null
  },
  {
    "id": "9aa35d01-47a0-45bb-a996-e4bb6d5f04d5",
    "timestamp": "2025-11-20T19:42:36.148585",
    "project": "PramaIA-Agents",
    "level": "debug",
    "module": "document-folder-monitor-agent",
    "message": "Inizializzazione FileHashTracker con database: C:\\PramaIA\\PramaIA-Agents\\document-folder-monitor-agent\\data/file_hashes.db",
    "details": null,
    "context": null
  },
  {
    "id": "bdc73df7-bad3-45d6-9bdf-48cbdb42def3",
    "timestamp": "2025-11-20T19:42:36.149928",
    "project": "PramaIA-Agents",
    "level": "info",
    "module": "document-folder-monitor-agent",
    "message": "\ud83d\udce4 Invio richiesta al backend per 'test_document_20251119_164346.pdf'",
    "details": {
      "operation": "backend_request",
      "request_type": "upload",
      "file_name": "test_document_20251119_164346.pdf",
      "file_path": "D:\\TestPramaIA\\test_document_20251119_164346.pdf",
      "payload": "{'action': 'reconciliation_add', 'full_path': 'D:\\\\TestPramaIA\\\\test_document_20251119_164346.pdf', 'relative_path': 'test_document_20251119_164346.pdf', 'filter_action': 'process_full', 'extract_metadata': 'true', 'filter_name': 'unknown', 'should_process_content': True}"
    },
    "context": null
  },
  {
    "id": "8285a523-838f-406e-b088-8f7354f49b6f",
    "timestamp": "2025-11-20T19:42:38.211524",
    "project": "PramaIA-Agents",
    "level": "error",
    "module": "document-folder-monitor-agent",
    "message": "\u274c Risposta dal backend (404) per 'test_document_20251119_164346.pdf'",
    "details": {
      "operation": "backend_response",
      "request_type": "upload",
      "file_name": "test_document_20251119_164346.pdf",
      "file_path": "D:\\TestPramaIA\\test_document_20251119_164346.pdf",
      "status_code": 404,
      "response_data": "{'detail': 'Not Found'}",
      "success": false
    },
    "context": null
  },
  {
    "id": "fe3cf490-8f85-41bf-99bb-33965f6e158f",
    "timestamp": "2025-11-20T19:42:38.211708",
    "project": "PramaIA-Agents",
    "level": "error",
    "module": "document-folder-monitor-agent",
    "message": "\u274c Errore invio file 'test_document_20251119_164346.pdf': 404",
    "details": {
      "file_name": "test_document_20251119_164346.pdf",
      "action": "reconciliation_add",
      "status_code": 404,
      "response_text": "{\"detail\":\"Not Found\"}"
    },
    "context": null
  },
  {
    "id": "ead4d574-0d36-4752-bd12-26b83cd7fe65",
    "timestamp": "2025-11-20T19:42:38.211879",
    "project": "PramaIA-Agents",
    "level": "debug",
    "module": "document-folder-monitor-agent",
    "message": "Aggiornamento stato evento 62 a 'failed', document_id: None",
    "details": null,
    "context": null
  },
  {
    "id": "5fce712f-c724-4d07-a7d6-e2197143f3bd",
    "timestamp": "2025-11-20T19:42:38.212017",
    "project": "PramaIA-Agents",
    "level": "debug",
    "module": "document-folder-monitor-agent",
    "message": "[event_queries] Tentativo acquisizione lock per update_event_status",
    "details": null,
    "context": null
  },
  {
    "id": "9e53a030-a480-4678-b155-91247695a22f",
    "timestamp": "2025-11-20T19:42:38.212138",
    "project": "PramaIA-Agents",
    "level": "debug",
    "module": "document-folder-monitor-agent",
    "message": "[event_queries] Lock acquisito per update_event_status, apertura connessione SQLite",
    "details": null,
    "context": null
  },
  {
    "id": "37f33acd-2ca9-454f-9b25-c3acb7eed110",
    "timestamp": "2025-11-20T19:42:38.212832",
    "project": "PramaIA-Agents",
    "level": "debug",
    "module": "document-folder-monitor-agent",
    "message": "Stato attuale evento 62: 'processing', document_id attuale: None",
    "details": null,
    "context": null
  },
  {
    "id": "95da5fe6-ef05-485a-bb9c-011e93366bfe",
    "timestamp": "2025-11-20T19:42:38.212940",
    "project": "PramaIA-Agents",
    "level": "debug",
    "module": "document-folder-monitor-agent",
    "message": "Query SQL: UPDATE events SET status = ? WHERE id = ? con parametri ['failed', 62]",
    "details": null,
    "context": null
  },
  {
    "id": "b79a7d94-678d-467d-97aa-7c2dcc5c9550",
    "timestamp": "2025-11-20T19:42:38.218048",
    "project": "PramaIA-Agents",
    "level": "debug",
    "module": "document-folder-monitor-agent",
    "message": "Aggiornamento stato evento 62 completato: True",
    "details": null,
    "context": null
  },
  {
    "id": "5f8c3626-372d-48c9-a6c5-236f9a179aeb",
    "timestamp": "2025-11-20T19:42:38.218218",
    "project": "PramaIA-Agents",
    "level": "debug",
    "module": "document-folder-monitor-agent",
    "message": "[event_queries] Connessione SQLite chiusa dopo update_event_status",
    "details": null,
    "context": null
  },
  {
    "id": "bc3c8952-eebe-42e4-b3f1-eb61b30a3b9d",
    "timestamp": "2025-11-20T19:42:38.218829",
    "project": "PramaIA-Agents",
    "level": "info",
    "module": "document-folder-monitor-agent",
    "message": "Adding missing file to vectorstore: D:\\TestPramaIA\\test_document_20251119.pdf",
    "details": {
      "file_path": "D:\\TestPramaIA\\test_document_20251119.pdf",
      "service": "reconciliation"
    },
    "context": null
  },
  {
    "id": "8b0d92b6-cc59-4877-8eda-9e660cdac09e",
    "timestamp": "2025-11-20T19:42:38.219346",
    "project": "PramaIA-Agents",
    "level": "debug",
    "module": "document-folder-monitor-agent",
    "message": "[event_queries] Tentativo acquisizione lock per find_event_by_filename (test_document_20251119.pdf)",
    "details": null,
    "context": null
  },
  {
    "id": "4d842489-ccc1-4de5-a0f0-331974146aff",
    "timestamp": "2025-11-20T19:42:38.219459",
    "project": "PramaIA-Agents",
    "level": "debug",
    "module": "document-folder-monitor-agent",
    "message": "[event_queries] Lock acquisito per find_event_by_filename (test_document_20251119.pdf), apertura connessione SQLite",
    "details": null,
    "context": null
  },
  {
    "id": "85b08ea7-4d95-4d57-ae66-60017855f96b",
    "timestamp": "2025-11-20T19:42:38.220203",
    "project": "PramaIA-Agents",
    "level": "debug",
    "module": "document-folder-monitor-agent",
    "message": "[event_queries] Connessione SQLite chiusa dopo find_event_by_filename (test_document_20251119.pdf)",
    "details": null,
    "context": null
  },
  {
    "id": "c7656fb4-a60e-4c66-a2a5-9b9251bb5473",
    "timestamp": "2025-11-20T19:42:38.220355",
    "project": "PramaIA-Agents",
    "level": "debug",
    "module": "document-folder-monitor-agent",
    "message": "Aggiornamento stato evento 61 a 'processing', document_id: None",
    "details": null,
    "context": null
  },
  {
    "id": "76bbb0de-b6d9-4feb-a683-d7d4d468343a",
    "timestamp": "2025-11-20T19:42:38.220466",
    "project": "PramaIA-Agents",
    "level": "debug",
    "module": "document-folder-monitor-agent",
    "message": "[event_queries] Tentativo acquisizione lock per update_event_status",
    "details": null,
    "context": null
  },
  {
    "id": "bf0f20e7-1b7f-4067-a925-ee05737bdda5",
    "timestamp": "2025-11-20T19:42:38.220643",
    "project": "PramaIA-Agents",
    "level": "debug",
    "module": "document-folder-monitor-agent",
    "message": "[event_queries] Lock acquisito per update_event_status, apertura connessione SQLite",
    "details": null,
    "context": null
  },
  {
    "id": "1ebeb0a9-0117-423a-8785-ba02adb187a2",
    "timestamp": "2025-11-20T19:42:38.221403",
    "project": "PramaIA-Agents",
    "level": "debug",
    "module": "document-folder-monitor-agent",
    "message": "Stato attuale evento 61: 'failed', document_id attuale: None",
    "details": null,
    "context": null
  },
  {
    "id": "4d31e735-d560-4cc6-87db-d046818cf6af",
    "timestamp": "2025-11-20T19:42:38.221576",
    "project": "PramaIA-Agents",
    "level": "debug",
    "module": "document-folder-monitor-agent",
    "message": "Query SQL: UPDATE events SET status = ? WHERE id = ? con parametri ['processing', 61]",
    "details": null,
    "context": null
  },
  {
    "id": "3a3f4242-60e2-44b2-aca9-18c29df6ac0e",
    "timestamp": "2025-11-20T19:42:38.224826",
    "project": "PramaIA-Agents",
    "level": "debug",
    "module": "document-folder-monitor-agent",
    "message": "Aggiornamento stato evento 61 completato: True",
    "details": null,
    "context": null
  },
  {
    "id": "97aaf0a7-428a-4253-8464-59fc1e314dc4",
    "timestamp": "2025-11-20T19:42:38.225026",
    "project": "PramaIA-Agents",
    "level": "debug",
    "module": "document-folder-monitor-agent",
    "message": "[event_queries] Connessione SQLite chiusa dopo update_event_status",
    "details": null,
    "context": null
  },
  {
    "id": "03cfd887-eb44-4724-84b4-64136bf0d8cf",
    "timestamp": "2025-11-20T19:42:38.225877",
    "project": "PramaIA-Agents",
    "level": "debug",
    "module": "document-folder-monitor-agent",
    "message": "Percorso database hash convertito ad assoluto: C:\\PramaIA\\PramaIA-Agents\\document-folder-monitor-agent\\data/file_hashes.db",
    "details": null,
    "context": null
  },
  {
    "id": "2a6c96dc-e848-4175-a409-79e486d4b0c7",
    "timestamp": "2025-11-20T19:42:38.225999",
    "project": "PramaIA-Agents",
    "level": "debug",
    "module": "document-folder-monitor-agent",
    "message": "Inizializzazione FileHashTracker con database: C:\\PramaIA\\PramaIA-Agents\\document-folder-monitor-agent\\data/file_hashes.db",
    "details": null,
    "context": null
  },
  {
    "id": "0e6d35c0-f9f2-47dc-88dd-ceac629c0277",
    "timestamp": "2025-11-20T19:42:38.227276",
    "project": "PramaIA-Agents",
    "level": "info",
    "module": "document-folder-monitor-agent",
    "message": "\ud83d\udce4 Invio richiesta al backend per 'test_document_20251119.pdf'",
    "details": {
      "operation": "backend_request",
      "request_type": "upload",
      "file_name": "test_document_20251119.pdf",
      "file_path": "D:\\TestPramaIA\\test_document_20251119.pdf",
      "payload": "{'action': 'reconciliation_add', 'full_path': 'D:\\\\TestPramaIA\\\\test_document_20251119.pdf', 'relative_path': 'test_document_20251119.pdf', 'filter_action': 'process_full', 'extract_metadata': 'true', 'filter_name': 'unknown', 'should_process_content': True}"
    },
    "context": null
  },
  {
    "id": "08e58997-0ad9-4898-a338-9900409a55c8",
    "timestamp": "2025-11-20T19:42:40.261495",
    "project": "PramaIA-Agents",
    "level": "error",
    "module": "document-folder-monitor-agent",
    "message": "\u274c Risposta dal backend (404) per 'test_document_20251119.pdf'",
    "details": {
      "operation": "backend_response",
      "request_type": "upload",
      "file_name": "test_document_20251119.pdf",
      "file_path": "D:\\TestPramaIA\\test_document_20251119.pdf",
      "status_code": 404,
      "response_data": "{'detail': 'Not Found'}",
      "success": false
    },
    "context": null
  },
  {
    "id": "3c46c64d-85ec-4e3c-ab19-971d69e3f253",
    "timestamp": "2025-11-20T19:42:40.261656",
    "project": "PramaIA-Agents",
    "level": "error",
    "module": "document-folder-monitor-agent",
    "message": "\u274c Errore invio file 'test_document_20251119.pdf': 404",
    "details": {
      "file_name": "test_document_20251119.pdf",
      "action": "reconciliation_add",
      "status_code": 404,
      "response_text": "{\"detail\":\"Not Found\"}"
    },
    "context": null
  },
  {
    "id": "abc2b07b-898b-41ea-96d4-2ce2c44c43db",
    "timestamp": "2025-11-20T19:42:40.261787",
    "project": "PramaIA-Agents",
    "level": "debug",
    "module": "document-folder-monitor-agent",
    "message": "Aggiornamento stato evento 61 a 'failed', document_id: None",
    "details": null,
    "context": null
  },
  {
    "id": "e3f6efff-699f-4912-8319-8323ea6deff9",
    "timestamp": "2025-11-20T19:42:40.261919",
    "project": "PramaIA-Agents",
    "level": "debug",
    "module": "document-folder-monitor-agent",
    "message": "[event_queries] Tentativo acquisizione lock per update_event_status",
    "details": null,
    "context": null
  },
  {
    "id": "90ace0b5-7e53-4c68-a594-e7575869704e",
    "timestamp": "2025-11-20T19:42:40.262046",
    "project": "PramaIA-Agents",
    "level": "debug",
    "module": "document-folder-monitor-agent",
    "message": "[event_queries] Lock acquisito per update_event_status, apertura connessione SQLite",
    "details": null,
    "context": null
  },
  {
    "id": "1d63a724-c141-4717-a0c8-7e0e698f8b6d",
    "timestamp": "2025-11-20T19:42:40.262683",
    "project": "PramaIA-Agents",
    "level": "debug",
    "module": "document-folder-monitor-agent",
    "message": "Stato attuale evento 61: 'processing', document_id attuale: None",
    "details": null,
    "context": null
  },
  {
    "id": "a131ddac-fe40-4f3a-ae8b-6e895697af30",
    "timestamp": "2025-11-20T19:42:40.262798",
    "project": "PramaIA-Agents",
    "level": "debug",
    "module": "document-folder-monitor-agent",
    "message": "Query SQL: UPDATE events SET status = ? WHERE id = ? con parametri ['failed', 61]",
    "details": null,
    "context": null
  },
  {
    "id": "d938a478-6be6-4e18-a617-77b3dbf5a905",
    "timestamp": "2025-11-20T19:42:40.266213",
    "project": "PramaIA-Agents",
    "level": "debug",
    "module": "document-folder-monitor-agent",
    "message": "Aggiornamento stato evento 61 completato: True",
    "details": null,
    "context": null
  },
  {
    "id": "652113d8-f95a-43b0-8420-c7aba8bc01f3",
    "timestamp": "2025-11-20T19:42:40.266335",
    "project": "PramaIA-Agents",
    "level": "debug",
    "module": "document-folder-monitor-agent",
    "message": "[event_queries] Connessione SQLite chiusa dopo update_event_status",
    "details": null,
    "context": null
  },
  {
    "id": "ebbfcea6-6d12-4856-82d7-b103d4dbd7d5",
    "timestamp": "2025-11-20T19:42:40.276915",
    "project": "PramaIA-Agents",
    "level": "info",
    "module": "document-folder-monitor-agent",
    "message": "Reconciliation completed successfully for D:\\TestPramaIA. Duration: 8.27s. Changes: 3",
    "details": {
      "folder": "D:\\TestPramaIA",
      "duration": 8.27,
      "changes": 3,
      "service": "reconciliation"
    },
    "context": null
  }
]