{
  "name": "pdf-monitor-source",
  "version": "1.0.0",
  "description": "Event source per monitoraggio cartelle PDF - integrato nel sistema PDK",
  "author": "PramaIA Team",
  "license": "MIT",
  "type": "event-source",
  "pdk_version": "^1.0.0",
  "engine_compatibility": "^1.0.0",
  
  "lifecycle": "persistent",
  
  "tags": ["pdf", "monitoring", "file-system", "document", "automation"],
  
  "eventTypes": [
    {
      "id": "pdf_file_added",
      "name": "PDF File Added",
      "description": "Triggered when a new PDF file is added to the monitored folder",
      "tags": ["file-added", "new-document", "ingest", "trigger"],
      "outputs": [
        {
          "name": "file_path",
          "type": "string",
          "description": "Absolute path to the new PDF file"
        },
        {
          "name": "file_name",
          "type": "string", 
          "description": "Name of the PDF file"
        },
        {
          "name": "file_size",
          "type": "number",
          "description": "Size of the file in bytes"
        },
        {
          "name": "timestamp",
          "type": "string",
          "description": "Timestamp when the file was detected"
        },
        {
          "name": "watched_folder",
          "type": "string",
          "description": "The folder that was being monitored"
        }
      ]
    },
    {
      "id": "pdf_file_modified",
      "name": "PDF File Modified",
      "description": "Triggered when a PDF file is modified in the monitored folder",
      "tags": ["file-modified", "update", "trigger"],
      "outputs": [
        {
          "name": "file_path",
          "type": "string",
          "description": "Absolute path to the modified PDF file"
        },
        {
          "name": "file_name",
          "type": "string", 
          "description": "Name of the PDF file"
        },
        {
          "name": "file_size",
          "type": "number",
          "description": "New size of the file in bytes"
        },
        {
          "name": "previous_size",
          "type": "number",
          "description": "Previous size of the file in bytes"
        },
        {
          "name": "timestamp",
          "type": "string",
          "description": "Timestamp when the modification was detected"
        },
        {
          "name": "watched_folder",
          "type": "string",
          "description": "The folder that was being monitored"
        }
      ]
    },
    {
      "id": "pdf_file_deleted",
      "name": "PDF File Deleted",
      "description": "Triggered when a PDF file is deleted from the monitored folder",
      "tags": ["file-deleted", "remove", "trigger"],
      "outputs": [
        {
          "name": "file_path",
          "type": "string",
          "description": "Absolute path to the deleted PDF file"
        },
        {
          "name": "file_name",
          "type": "string", 
          "description": "Name of the PDF file that was deleted"
        },
        {
          "name": "timestamp",
          "type": "string",
          "description": "Timestamp when the deletion was detected"
        },
        {
          "name": "watched_folder",
          "type": "string",
          "description": "The folder that was being monitored"
        }
      ]
    },
    {
      "id": "any_change",
      "name": "Any PDF Change",
      "description": "Triggered for any change (add, modify, delete) to PDF files in the monitored folder",
      "tags": ["file-change", "any", "trigger"],
      "outputs": [
        {
          "name": "file_path",
          "type": "string",
          "description": "Absolute path to the PDF file"
        },
        {
          "name": "file_name",
          "type": "string", 
          "description": "Name of the PDF file"
        },
        {
          "name": "file_size",
          "type": "number",
          "description": "Size of the file in bytes (null for deleted files)"
        },
        {
          "name": "timestamp",
          "type": "string",
          "description": "Timestamp when the change was detected"
        },
        {
          "name": "change_type",
          "type": "string",
          "description": "Type of change: 'created', 'modified', or 'deleted'"
        },
        {
          "name": "watched_folder",
          "type": "string",
          "description": "The folder that was being monitored"
        }
      ]
    }
  ],
  
  "configSchema": {
    "title": "PDF Monitor Configuration",
    "type": "object",
    "properties": {
      "monitor_path": {
        "type": "string",
        "title": "Cartella da monitorare",
        "description": "Percorso assoluto della cartella da monitorare per file PDF",
        "default": ""
      },
      "recursive": {
        "type": "boolean",
        "title": "Monitoraggio ricorsivo",
        "description": "Se monitorare anche le sottocartelle",
        "default": true
      },
      "file_extensions": {
        "type": "array",
        "title": "Estensioni file da monitorare",
        "description": "Lista delle estensioni file da monitorare",
        "items": {
          "type": "string"
        },
        "default": [".pdf"]
      },
      "ignore_hidden": {
        "type": "boolean",
        "title": "Ignora file nascosti",
        "description": "Se ignorare i file che iniziano con punto",
        "default": true
      },
      "debounce_time": {
        "type": "number",
        "title": "Tempo di debounce (secondi)",
        "description": "Tempo di attesa prima di processare un evento per evitare duplicati",
        "default": 2,
        "minimum": 1,
        "maximum": 30
      },
      "max_file_size": {
        "type": "number",
        "title": "Dimensione massima file (MB)",
        "description": "Dimensione massima dei file da processare in MB (0 = nessun limite)",
        "default": 100,
        "minimum": 0
      }
    },
    "required": ["monitor_path"]
  }
}
