[
  {
    "id": "a77e674f-613e-4f2c-b377-0597b324fb2c",
    "timestamp": "2025-11-15T10:39:36.937939",
    "project": "PramaIAServer",
    "level": "lifecycle",
    "module": "system_events",
    "message": "LogService avviato",
    "details": {
      "event_type": "service_start",
      "version": "1.0.0",
      "log_type": "lifecycle",
      "event_time": "2025-11-15T10:39:36.937886"
    },
    "context": {
      "component": "logservice_main"
    }
  },
  {
    "id": "733d8ab5-1d65-4ed7-9e16-2e64720141be",
    "timestamp": "2025-11-15T10:39:37.029563",
    "project": "PramaIAServer",
    "level": "lifecycle",
    "module": "system_events",
    "message": "LogService avviato",
    "details": {
      "event_type": "service_start",
      "version": "1.0.0",
      "log_type": "lifecycle",
      "event_time": "2025-11-15T10:39:37.029528"
    },
    "context": {
      "component": "logservice_main"
    }
  },
  {
    "id": "62f8531f-b864-4838-8907-35a2a612adf6",
    "timestamp": "2025-11-15T10:41:51.477090",
    "project": "PramaIAServer",
    "level": "info",
    "module": "pramaiaserver",
    "message": "\ud83d\udcdd Registrato processore per tipo 'input_user': UserInputProcessor",
    "details": null,
    "context": {
      "module": "backend.engine.node_registry",
      "file": "C:\\PramaIA\\PramaIAServer\\backend\\engine\\node_registry.py",
      "line": 179,
      "function": "register_processor"
    }
  },
  {
    "id": "45dadd3f-8e18-410a-adc7-a3bd9bed56ad",
    "timestamp": "2025-11-15T10:41:51.477296",
    "project": "PramaIAServer",
    "level": "info",
    "module": "pramaiaserver",
    "message": "\ud83d\udcdd Registrato processore per tipo 'input_file': FileInputProcessor",
    "details": null,
    "context": {
      "module": "backend.engine.node_registry",
      "file": "C:\\PramaIA\\PramaIAServer\\backend\\engine\\node_registry.py",
      "line": 179,
      "function": "register_processor"
    }
  },
  {
    "id": "461b0f04-a2ff-4e93-917c-e66762098295",
    "timestamp": "2025-11-15T10:41:51.802703",
    "project": "PramaIAServer",
    "level": "info",
    "module": "pramaiaserver",
    "message": "\ud83d\udcdd Registrato processore per tipo 'llm_openai': OpenAIProcessor",
    "details": null,
    "context": {
      "module": "backend.engine.node_registry",
      "file": "C:\\PramaIA\\PramaIAServer\\backend\\engine\\node_registry.py",
      "line": 179,
      "function": "register_processor"
    }
  },
  {
    "id": "46f61461-bcac-4881-9e4a-1cc7a3ee323c",
    "timestamp": "2025-11-15T10:41:51.802842",
    "project": "PramaIAServer",
    "level": "info",
    "module": "pramaiaserver",
    "message": "\ud83d\udcdd Registrato processore per tipo 'llm_anthropic': AnthropicProcessor",
    "details": null,
    "context": {
      "module": "backend.engine.node_registry",
      "file": "C:\\PramaIA\\PramaIAServer\\backend\\engine\\node_registry.py",
      "line": 179,
      "function": "register_processor"
    }
  },
  {
    "id": "db05bba3-b0ae-4cb1-bf06-9a9616f88609",
    "timestamp": "2025-11-15T10:41:52.092711",
    "project": "PramaIAServer",
    "level": "info",
    "module": "pramaiaserver",
    "message": "\ud83d\udcdd Registrato processore per tipo 'llm_gemini': OpenAIProcessor",
    "details": null,
    "context": {
      "module": "backend.engine.node_registry",
      "file": "C:\\PramaIA\\PramaIAServer\\backend\\engine\\node_registry.py",
      "line": 179,
      "function": "register_processor"
    }
  },
  {
    "id": "5bc3045f-685a-4c58-b2d0-2bd29a4ff6e7",
    "timestamp": "2025-11-15T10:41:52.093076",
    "project": "PramaIAServer",
    "level": "info",
    "module": "pramaiaserver",
    "message": "\ud83d\udcdd Registrato processore per tipo 'llm_ollama': OllamaProcessor",
    "details": null,
    "context": {
      "module": "backend.engine.node_registry",
      "file": "C:\\PramaIA\\PramaIAServer\\backend\\engine\\node_registry.py",
      "line": 179,
      "function": "register_processor"
    }
  },
  {
    "id": "88b4a080-0c39-40cc-8712-b2fc645228bb",
    "timestamp": "2025-11-15T10:41:52.093186",
    "project": "PramaIAServer",
    "level": "info",
    "module": "pramaiaserver",
    "message": "\ud83d\udcdd Registrato processore per tipo 'output_text': TextOutputProcessor",
    "details": null,
    "context": {
      "module": "backend.engine.node_registry",
      "file": "C:\\PramaIA\\PramaIAServer\\backend\\engine\\node_registry.py",
      "line": 179,
      "function": "register_processor"
    }
  },
  {
    "id": "4d1826cc-f6fb-4454-a52c-52bc6b159292",
    "timestamp": "2025-11-15T10:41:52.093289",
    "project": "PramaIAServer",
    "level": "info",
    "module": "pramaiaserver",
    "message": "\ud83d\udcdd Registrato processore per tipo 'output_file': FileOutputProcessor",
    "details": null,
    "context": {
      "module": "backend.engine.node_registry",
      "file": "C:\\PramaIA\\PramaIAServer\\backend\\engine\\node_registry.py",
      "line": 179,
      "function": "register_processor"
    }
  },
  {
    "id": "1bf6c6fa-1f7b-4041-b957-e68e850fade1",
    "timestamp": "2025-11-15T10:41:52.093401",
    "project": "PramaIAServer",
    "level": "info",
    "module": "pramaiaserver",
    "message": "\ud83d\udcdd Registrato processore per tipo 'output_email': EmailOutputProcessor",
    "details": null,
    "context": {
      "module": "backend.engine.node_registry",
      "file": "C:\\PramaIA\\PramaIAServer\\backend\\engine\\node_registry.py",
      "line": 179,
      "function": "register_processor"
    }
  },
  {
    "id": "fc9dcc82-401d-4d57-b839-83a67ce5c3d7",
    "timestamp": "2025-11-15T10:41:52.093507",
    "project": "PramaIAServer",
    "level": "info",
    "module": "pramaiaserver",
    "message": "\ud83d\udcdd Registrato processore per tipo 'data_transform': DataTransformProcessor",
    "details": null,
    "context": {
      "module": "backend.engine.node_registry",
      "file": "C:\\PramaIA\\PramaIAServer\\backend\\engine\\node_registry.py",
      "line": 179,
      "function": "register_processor"
    }
  },
  {
    "id": "27064975-44f4-4be8-91a7-bca6ed7afd64",
    "timestamp": "2025-11-15T10:41:52.093597",
    "project": "PramaIAServer",
    "level": "info",
    "module": "pramaiaserver",
    "message": "\ud83d\udcdd Registrato processore per tipo 'text_processor': TextProcessor",
    "details": null,
    "context": {
      "module": "backend.engine.node_registry",
      "file": "C:\\PramaIA\\PramaIAServer\\backend\\engine\\node_registry.py",
      "line": 179,
      "function": "register_processor"
    }
  },
  {
    "id": "230e7b74-650e-4c86-97b6-31fe0e12c9cd",
    "timestamp": "2025-11-15T10:41:52.093691",
    "project": "PramaIAServer",
    "level": "info",
    "module": "pramaiaserver",
    "message": "\ud83d\udcdd Registrato processore per tipo 'json_processor': JSONProcessor",
    "details": null,
    "context": {
      "module": "backend.engine.node_registry",
      "file": "C:\\PramaIA\\PramaIAServer\\backend\\engine\\node_registry.py",
      "line": 179,
      "function": "register_processor"
    }
  },
  {
    "id": "b8fd87ab-6cb8-443c-9398-6957e50e11d2",
    "timestamp": "2025-11-15T10:41:52.093782",
    "project": "PramaIAServer",
    "level": "info",
    "module": "pramaiaserver",
    "message": "\ud83d\udcdd Registrato processore per tipo 'http_request': HTTPRequestProcessor",
    "details": null,
    "context": {
      "module": "backend.engine.node_registry",
      "file": "C:\\PramaIA\\PramaIAServer\\backend\\engine\\node_registry.py",
      "line": 179,
      "function": "register_processor"
    }
  },
  {
    "id": "e8562bcc-ac5e-48b8-b70c-bfad44161dfb",
    "timestamp": "2025-11-15T10:41:52.093872",
    "project": "PramaIAServer",
    "level": "info",
    "module": "pramaiaserver",
    "message": "\ud83d\udcdd Registrato processore per tipo 'webhook': WebhookProcessor",
    "details": null,
    "context": {
      "module": "backend.engine.node_registry",
      "file": "C:\\PramaIA\\PramaIAServer\\backend\\engine\\node_registry.py",
      "line": 179,
      "function": "register_processor"
    }
  },
  {
    "id": "d14c090b-a32e-491a-b24e-fc8ec276d515",
    "timestamp": "2025-11-15T10:41:52.093960",
    "project": "PramaIAServer",
    "level": "info",
    "module": "pramaiaserver",
    "message": "\ud83d\udcdd Registrato processore per tipo 'api_call': APICallProcessor",
    "details": null,
    "context": {
      "module": "backend.engine.node_registry",
      "file": "C:\\PramaIA\\PramaIAServer\\backend\\engine\\node_registry.py",
      "line": 179,
      "function": "register_processor"
    }
  },
  {
    "id": "89e0c1e4-64cd-4795-8313-246a8c4470b7",
    "timestamp": "2025-11-15T10:41:52.094047",
    "project": "PramaIAServer",
    "level": "info",
    "module": "pramaiaserver",
    "message": "\ud83d\udcdd Registrato processore per tipo 'rag_query': RAGQueryProcessor",
    "details": null,
    "context": {
      "module": "backend.engine.node_registry",
      "file": "C:\\PramaIA\\PramaIAServer\\backend\\engine\\node_registry.py",
      "line": 179,
      "function": "register_processor"
    }
  },
  {
    "id": "66437ef4-4932-492a-99db-c5af191d57b0",
    "timestamp": "2025-11-15T10:41:52.094132",
    "project": "PramaIAServer",
    "level": "info",
    "module": "pramaiaserver",
    "message": "\ud83d\udcdd Registrato processore per tipo 'document_index': DocumentIndexProcessor",
    "details": null,
    "context": {
      "module": "backend.engine.node_registry",
      "file": "C:\\PramaIA\\PramaIAServer\\backend\\engine\\node_registry.py",
      "line": 179,
      "function": "register_processor"
    }
  },
  {
    "id": "e57bc44b-7fc2-4549-b932-2b1eb62d8a82",
    "timestamp": "2025-11-15T10:41:52.094221",
    "project": "PramaIAServer",
    "level": "info",
    "module": "pramaiaserver",
    "message": "\ud83d\udcdd Registrato processore per tipo 'rag_generation': RAGGenerationProcessor",
    "details": null,
    "context": {
      "module": "backend.engine.node_registry",
      "file": "C:\\PramaIA\\PramaIAServer\\backend\\engine\\node_registry.py",
      "line": 179,
      "function": "register_processor"
    }
  },
  {
    "id": "d4c25179-955f-418d-ab6b-b8ddf1d27ecf",
    "timestamp": "2025-11-15T10:41:52.094322",
    "project": "PramaIAServer",
    "level": "info",
    "module": "pramaiaserver",
    "message": "\ud83d\udcdd Registrato processore per tipo 'event_input_node': EventInputProcessor",
    "details": null,
    "context": {
      "module": "backend.engine.node_registry",
      "file": "C:\\PramaIA\\PramaIAServer\\backend\\engine\\node_registry.py",
      "line": 179,
      "function": "register_processor"
    }
  },
  {
    "id": "c3c4bcce-b044-41e3-b58a-0bd1fc23ef83",
    "timestamp": "2025-11-15T10:41:52.094431",
    "project": "PramaIAServer",
    "level": "info",
    "module": "pramaiaserver",
    "message": "\ud83d\udcdd Registrato processore per tipo 'file_parsing': FileParsingProcessor",
    "details": null,
    "context": {
      "module": "backend.engine.node_registry",
      "file": "C:\\PramaIA\\PramaIAServer\\backend\\engine\\node_registry.py",
      "line": 179,
      "function": "register_processor"
    }
  },
  {
    "id": "f3a4da59-d3ad-4b42-881c-e252ae08580a",
    "timestamp": "2025-11-15T10:41:52.094523",
    "project": "PramaIAServer",
    "level": "info",
    "module": "pramaiaserver",
    "message": "\ud83d\udcdd Registrato processore per tipo 'metadata_manager': MetadataManagerProcessor",
    "details": null,
    "context": {
      "module": "backend.engine.node_registry",
      "file": "C:\\PramaIA\\PramaIAServer\\backend\\engine\\node_registry.py",
      "line": 179,
      "function": "register_processor"
    }
  },
  {
    "id": "158f4025-e690-4025-9b9f-2d588c32fc2b",
    "timestamp": "2025-11-15T10:41:52.094611",
    "project": "PramaIAServer",
    "level": "info",
    "module": "pramaiaserver",
    "message": "\ud83d\udcdd Registrato processore per tipo 'document_processor': DocumentProcessorProcessor",
    "details": null,
    "context": {
      "module": "backend.engine.node_registry",
      "file": "C:\\PramaIA\\PramaIAServer\\backend\\engine\\node_registry.py",
      "line": 179,
      "function": "register_processor"
    }
  },
  {
    "id": "988581a3-8f3c-40f1-8dfe-25dd60c065ab",
    "timestamp": "2025-11-15T10:41:52.094707",
    "project": "PramaIAServer",
    "level": "info",
    "module": "pramaiaserver",
    "message": "\ud83d\udcdd Registrato processore per tipo 'vector_store_operations': VectorStoreOperationsProcessor",
    "details": null,
    "context": {
      "module": "backend.engine.node_registry",
      "file": "C:\\PramaIA\\PramaIAServer\\backend\\engine\\node_registry.py",
      "line": 179,
      "function": "register_processor"
    }
  },
  {
    "id": "8829dc9a-8127-43da-bd4e-92743c3493f0",
    "timestamp": "2025-11-15T10:41:52.094797",
    "project": "PramaIAServer",
    "level": "info",
    "module": "pramaiaserver",
    "message": "\ud83d\udcdd Registrato processore per tipo 'event_logger': EventLoggerProcessor",
    "details": null,
    "context": {
      "module": "backend.engine.node_registry",
      "file": "C:\\PramaIA\\PramaIAServer\\backend\\engine\\node_registry.py",
      "line": 179,
      "function": "register_processor"
    }
  },
  {
    "id": "34cde832-c75a-4505-82d5-3673cc6eed3b",
    "timestamp": "2025-11-15T10:41:52.094882",
    "project": "PramaIAServer",
    "level": "info",
    "module": "pramaiaserver",
    "message": "\ud83d\udcdd Registrato processore per tipo 'processing_text': TextProcessor",
    "details": null,
    "context": {
      "module": "backend.engine.node_registry",
      "file": "C:\\PramaIA\\PramaIAServer\\backend\\engine\\node_registry.py",
      "line": 179,
      "function": "register_processor"
    }
  },
  {
    "id": "8653ce14-1897-446a-96d0-de1f0a629d09",
    "timestamp": "2025-11-15T10:41:52.094970",
    "project": "PramaIAServer",
    "level": "info",
    "module": "pramaiaserver",
    "message": "\ud83d\udd27 NodeRegistry inizializzato con 25 processori",
    "details": null,
    "context": {
      "module": "backend.engine.node_registry",
      "file": "C:\\PramaIA\\PramaIAServer\\backend\\engine\\node_registry.py",
      "line": 100,
      "function": "__init__"
    }
  }
]